,,,,P N   t r i p l e t s,,
AM class,Cit. form,Gloss,P/N,CPL,PRG,HAB/POT
,,,,tones/abbr,tones/abbr,tones/abbr
,,,,,,
[1],sti4,laid on the ground,(iv/tv),l-lH-ms,lh-mh-ms,l-lh-ms
,,CPL,PROG,HAB,POT,
,1;SG,stenH,nsonH,nstyinH,styinH,
,2;SG,stiG,nsuI,nstyinG,xtyiG,
,3;SG,stiA,nsuG,nstyinH,styinH,
,1;PL;INCL,stenJenI,nsonGonG,nstyinJinI,styinJenI,
,1;PL;EXCL,stiA waG,nsuG waG,nstyiA waG,styiA waG,
,2;PL,stiA wanA,nsuG wanA,nstyiA wanA,styiA wanA,
,3;PL,stiA renqA,nsuG renqA,nstyiA renqA,styiA renqA,
,,,,,,
[2],ndyu2,fell from above,iv,m-h-ls,m-h-ls,m-h-ls
,,CPL,PROG,HAB,POT,
,1;SG,ndyonL,ndyonL,ndyonL,tyonL,
,2;SG,ndyuE,ndyuE,ndyuE,tyuE,
,3;SG,ndyuC,ndyuC,ndyuC,tyuC,
,1;PL;INCL,ndyonConE,ndyonConE,ndyonConE,tyonConE,
,1;PL;EXCL,ndyuC waG,ndyuC waG,ndyuC waG,tyuC waG,
,2;PL,ndyuC wanE,ndyuC wanE,ndyuC wanE,tyuC wanE,
,3;PL,ndyuC renqE,ndyuC renqE,ndyuC renqE,tyuC renqE,
,,,,,,
[2],ndywan2,jumped,iv,m-h-ls,m-h-ls,m-h-ls
,,CPL,PROG,HAB,POT,
,1;SG,ndywanL,ndywanL,ndywanL,tywanL,
,2;SG,ndywanE,ndywanE,ndywanE,tywanE,
,3;SG,ndywanC,ndywanC,ndywanC,tywanC,
,1;PL;INCL,ndywanCanE,ndywanCanE,ndywanCanE,tywanCanE,
,1;PL;EXCL,ndywanC waG,ndywanC waG,ndywanC waG,tywanC waG,
,2;PL,ndywanC wanE,ndywanC wanE,ndywanC wanE,tywanC wanE,
,3;PL,ndywanC renqE,ndywanC renqE,ndywanC renqE,tywanC renqE,
,,,,,,
[2],nkin2,burnt,iv,m-h-ls,m-h-ls,m-h-ls
,,CPL,PROG,HAB,POT,
,1;SG,nkinL,ntykinL,ntykinL,skinL,
,2;SG,nkinE,ntykinE,ntykinH,skinH,
,3;SG,nkinC,ntykinC,ntykinB,skinB,
,1;PL;INCL,nkinCenE,ntykinCenE,ntykinBK,skinBK,
,1;PL;EXCL,nkinC waG,ntykinC waG,ntykinBK waG,skinBS waG,
,2;PL,nkinC wanE,ntykinC wanE,ntykinB wanS,skinB wanS,
,3;PL,nkinC renqE,ntykinC renqE,ntykinB renqS,skinB renqS,
,,,,,,
[2],ntyja2,found,tv,m-h-ls,m-h-ls,m-h-ls
,,CPL,PROG,HAB,POT,
,1;SG,ntyjanL/C,ntyjanL,ntyjanL,tyjanL,
,2;SG,ntyjaE,ntyjaE,ntyjaE,tyjaE,
,3;SG,ntyjaC,ntyjaC,ntyjaC,tyjaC,
,1;PL;INCL,ntyjanCanE,ntyjanCanE,ntyjanCanE,tyjanCanE,
,1;PL;EXCL,ntyjaC waG,ntyjaC waG,ntyjaC waG,tyjaC waG,
,2;PL,ntyjaC wanE,ntyjaC wanE,ntyjaC wanE,tyjaC wanE,
,3;PL,ntyjaC renqE,ntyjaC renqE,ntyjaC renqE,tyjaC renqE,
,,,,,,
[2],ntykwan2,picked up,tv,m-h-ls,m-h-ls,m-h-ls
,,CPL,PROG,HAB,POT,
,1;SG,ntykwanL,ntykwanL,ntykwanL,tykwanL,
,2;SG,ntykwanE,ntykwanE,ntykwanE,tykwanE,
,3;SG,ntykwanC,ntykwanC,ntykwanC,tykwanC,
,1;PL;INCL,ntykwanCanE,ntykwanCanE,ntykwanCanE,tykwanCanE,
,1;PL;EXCL,ntykwanC waG,ntykwanC waG,ntykwanC waG,tykwanC waG,
,2;PL,ntykwanC wanE,ntykwanC wanE,ntykwanC wanE,tykwanC wanE,
,3;PL,ntykwanC renqE,ntykwanC renqE,ntykwanC renqE,tykwanC renqE,
,,,,,,
[2],nxi2,turned,tv,m-h-ls,m-h-ls,m-h-ls
,,CPL,PROG,HAB,POT,
,1;SG,xinL,nxinL,nxinL,kxinL,
,2;SG,xinE,nxinE,nxinE,kxinE,
,3;SG,xinC,nxinC,nxinC,kxinC,
,1;PL;INCL,xinCinE,nxinCinE,nxinCenE,kxinCenE,
,1;PL;EXCL,xinC waG,nxinC waG,nxinC waG,kxinC renqE,
,2;PL,xinC wanE,nxinC wanE,nxinC wanE,kxinC wanE,
,3;PL,xinC renqE,nxinC renqE,nxinC renqE,kxinC renqE,
,,,,,,
[2],skwan2,threw,tv,m-h-ls,m-h-ls,m-h-ls
,,CPL,PROG,HAB,POT,
,1;SG,skwanL,nskwanL,nxkwanL,xkwanL,
,2;SG,skwanE,nskwanE,nxkwanE,xkwanE,
,3;SG,skwanC,nskwanC,nxkwanC,xkwanC,
,1;PL;INCL,skwanCanE,nskwanCanE,nskwanCanE,xkwanCanE,
,1;PL;EXCL,skwanC waG,nskwanC waG,nskwanC waG,xkwanC waG,
,2;PL,skwanC wanE,nskwanC wanE,nskwanC wanE,xkwanC wanE,
,3;PL,skwanC renqE,nskwanC  renqE,nskwanC renqE,xkwanC renqE,
,,,,,,
[2],xyaq2,mixed,tv,m-h-ls,m-h-ls,m-h-ls
,,CPL,PROG,HAB,POT,
,1;SG,xyanqL,nxyanqL,nxyanqL,xyanqL,
,2;SG,xyaqE,nxyaqE,nxyaqE,xyaqE,
,3;SG,xyaqC,nxyaqC,nxyaqC,xyaqC,
,1;PL;INCL,xyanqCanE,nxyanqCanE,nxyaqCanE,xyanqCanE,
,1;PL;EXCL,xyaqC waG,nxyaqC waG,nxyaqC waG,xyaqC waG,
,2;PL,xyaqC wanE,nxyaqC wanE,nxyaqC wanE,xyaqC wanE,
,3;PL,xyaq renqE,nxyaqC renqE,nxyaqC renqE,xyaqC renqE,
,,,,,,
[3],jen2,passed,iv,m-h-ls,m-h-ls,hl-ms-ls
,,CPL,PROG,HAB,POT,
,1;SG,jenL,ntjenL,ntyjinL,tyjinL,
,2;SG,jenE,ntjenE,ntyjinH,tyjinH,
,3;SG,jenC,ntjenC,ntyjinB,tyjinB,
,1;PL;INCL,jenCenE,ntjenCenE,ntyjinB,tyjinB,
,1;PL;EXCL,jenC waG,ntjenC waG,ntyjinBS waG,tyjinBS waG,
,2;PL,jenC wanE,ntjenC wanE,ntyjinB wanS,tyjinB wanS,
,3;PL,jenC renqE,ntjenC renqE,ntyjinB renqS,tyjinB renqS,
,,,,,,
[3],jnyiq2,borrowed,tv,m-h-ls,m-h-ls,hl-ms-ls
,,CPL,PROG,HAB,POT,
,1;SG,jnyinqL,jnyinqL,jnyinqL,jnyinqL,
,2;SG,jnyiqE,jnyiqE,jnyiqH,jnyiqH,
,3;SG,jnyiqC,jnyiqC,jnyiqB,jnyiqB,
,1;PL;INCL,jnyinqCinE,jnyinqCinE,jnyinqB,jnyinqB,
,1;PL;EXCL,jnyiqC waG,jnyiqC waG,jnyiqBS waG,jnyiqBS waG,
,2;PL,jnyiqC wanE,jnyiqC wanE,jnyiqB wanS,jnyiqB wanS,
,3;PL,jnyiqC renqE,jnyiqC renqE,jnyiqB renqS,jnyiqB renqS,
,,,,,,
[3],ngon2,shot,tv,m-h-ls,m-h-ls,hl-ms-ls
,,CPL,PROG,HAB,POT,
,1;SG,ngonL,ndgonL,ndgonL,konL,
,2;SG,ngonE,ndgonE,ndgonH,konH,
,3;SG,ngonC,ndgonC,ndgonB,konB,
,1;PL;INCL,ngonConE,ndgonC,ndgonB,konB,
,1;PL;EXCL,ngonC waG,ndgonC waG,ndgonBS waG,konBS waG,
,2;PL,ngonC wanE,ndgonC wanE,ndgonB wanS,konB wanE,
,3;PL,ngonC renqE,ndgonC renqE,ndgonB renqS,konB renqE,
,,,,,,
[3],saq2,tore up,tv,m-h-ls,m-h-ls,hl-ms-ls
,,CPL,PROG,HAB,POT,
,1;SG,sanqL,nsanqL,nsanqL,sanqL,
,2;SG,saqE,nsaqE,nsaqH,saqH,
,3;SG,saqC,nsaqC,nsaqB,saqB,
,1;PL;INCL,sanqCanE,nsanqCanE,nsanqB,tykwanB,
,1;PL;EXCL,saqC waG,nsaqC waG,nsaqBS waG,tykwanBS waG,
,2;PL,saqC wanE,nsaqC wanE,nsaqB wanS,tykwanB wanS,
,3;PL,saqC renqE,nsaqC renqE,nsaqB renqS,tykwanB renqS,
,,,,,,
[3],sqi2,bought,tv,m-h-ls,m-h-ls,hl-ms-ls
,,CPL,PROG,HAB,POT,
,1;SG,sqenL,ntsqenL,nchsqinL,xqinL,
,2;SG,sqiE,ntsqiE,nchsqiH,xqiH,
,3;SG,sqiC,ntsqiC,nchsqiB,xqiB,
,1;PL;INCL,sqenCenE,ntsqenCenE,nchsqinB,xqinB,
,1;PL;EXCL,sqiC waG,ntsqiC waG,nchsqiBS waG,xqiBS waG,
,2;PL,sqiC wanE,ntsqiC wanE,nchsqiBS wanE,xqiBS wanE,
,3;PL,sqiC renqE,ntsqiC renqE,nchsqiBS renqE,xqiBS renqE,
,,,,,,
[3],xta1,choked,tv,m-h-ls,m-h-ls,hl-ms-ls
,,CPL,PROG,HAB,POT,
,1;SG,xtanL,nxstan3C,nxstanL,xtanL,
,2;SG,xtanG,nxstanG,nxstanH,xtanH,
,3;SG,xtaE,nxstanE,nxstanB,xtanB,
,1;PL;INCL,stanCanE,nstanCanE,nstanB,stanB,
,1;PL;EXCL,stanC waG,nstanC waG,nstanBS waG,stanBS waG,
,2;PL,stanC wanE,nstanC wanE,nstanB wan0,stanB wan0,
,3;PL,stanC renqE,nstanC renqE,nstanB renq0,stanB renq0,
,,,,,,
[3],ykwen2,vomited,iv,m-h-ls,m-h-ls,hl-ms-ls
,,CPL,PROG,HAB,POT,
,1;SG,ykwenL,ntykwenL,ntykwenL,kwenL,
,2;SG,ykwenE,ntykwenE,ntykwenH,kwenH,
,3;SG,ykwenC,ntykwenC,ntykwenB,kwenB,
,1;PL;INCL,ykwenCenE,ntykwenCenE,ntykwenB,kwenB,
,1;PL;EXCL,ykwenC waG,ntykwenC waG,ntykwenBS waG,kwenBS waG,
,2;PL,ykwenC wanE,ntykwenC wanE,ntykwenB wanS,kwenB wanS,
,3;PL,ykwenC renqE,ntykwenC renqE,ntykwenB renqS,kwenB renqS,
,,,,,,
[3],yqu2,grew or survived,iv,m-h-ls,m-h-ls,hl-ms-ls
,,CPL,PROG,HAB,POT,
,1;SG,yqonL,ntqonL,ntyqonL,kqonL,
,2;SG,yquE,ntquE,ntyquH,kquH,
,3;SG,yquC,ntquC,ntyquB,kquB,
,1;PL;INCL,yqonConE,ntqonConE,ntyqonConE,kqonConE,
,1;PL;EXCL,yquC waG,ntquC waG,ntyquC waG,kquC waG,
,2;PL,yquC wanE,ntquC wanE,ntyquC wanE,kquC wanE,
,3;PL,yquC renqE,ntquC renqE,ntyquC renqE,kquC renqE,
,,,,,,
[3],yjwiq2,sold,tv,m-h-ls,m-h-ls,hl-ms-ls
,,CPL,PROG,HAB,POT,
,1;SG,yjwenqL,ntjwenqL,ntjwenqL,kjwenqL,
,2;SG,yjwiqE,ntjwiqE,ntjwiqH,kjwiqH,
,3;SG,yjwiqC,ntjwiqC,ntjwiqB,kjwiqB,
,1;PL;INCL,yjwenqCenE,ntjwenqCenE,ntjwenqB,kjwenqB,
,1;PL;EXCL,yjwiqC waG,ntjwiqC waG,ntjwiqBS waG,kjwiqBS waG,
,2;PL,yjwiqC wanE,ntjwiqC wanE,ntjwiqB wanS,kjwiqB wanS,
,3;PL,yjwiqC renqE,ntjwiqC renqE,ntjwiqB renqS,kjwiqB renqS,
,,,,,,
[4],xoq2 ki3,gathered,tv,m-h-ls,m-h-m,m-h-ls
,,CPL,PROG,HAB,POT,
,1;SG,xonqC kinF,nxonqC kinF,nxonqL kinF,xonqL kinF,
,2;SG,xoqE kiE,nxoqE kiE,nxoqE  kiE,xoqE kiE,
,3;SG,xoqC kiF,nxoqC kiF,nxoqC kiF,xoqC kiF,
,1;PL;INCL,xonqC kinCinE,nxonqC kinCinE,nxonqC kinCinE,xonqC kinCinE,
,1;PL;EXCL,xoqC kiF waG,nxoqC kiF waG,nxoqC kiF waG,xoqC kiF waG,
,2;PL,xoqC kiF wanJ,nxoqC kiF wanJ,nxoqC kiF wanJ,xoqC kiF wanJ,
,3;PL,xoqC kiF renqJ,nxoqC kiF renqJ,nxoqC kiF renqJ,xoqC kiF renqJ,
,,,,,,
[5],nchuq4,pooped,(intr/tr),l-lh-h,mh-lh-h,l-lh-ms
,,CPL,PROG,HAB,POT,
,1;SG,nchonqE,nchonqE,nchonqH,kchonH,
,2;SG,nchuqG,nchuqI,nchonqG,kchonqG,
,3;SG,nchuqA,nchuqI,nchuqA,kchuqA,
,1;PL;INCL,nchonqJanI,nchonqEanE,nchonqJanI,kchonqJanI,
,1;PL;EXCL,nchuqA waG,nchuqI waG,nchuqA waG,kchuqA waG,
,2;PL,nchuqA wanA,nchuqI wanA,nchuqA wanA,kchuqA wanA,
,3;PL,nchuqA renqA,nchuqI renqA,nchuqA renqA,kchuqA renqA,
,,,,,,
[5],yjoq4,poke,tv,l-lh-h,mh-lh-h,l-lh-ms
,,CPL,PROG,HAB,POT,
,1;SG,yjonqE,ntjonqE,ntyjonqH,kjonqH,
,2;SG,yjoqG,ntjoqG,ntyjoqG,kjoqG,
,3;SG,yjoqA,ntjoqI,ntyjoqA,kjoqA,
,1;PL;INCL,yjonqJonI,ntjonqEonE,ntyjonqJonI,kjonqJonI,
,1;PL;EXCL,yjoqA waG,ntjoqI waG,ntyjoqA waG,kjoqA waG,
,2;PL,yjoqA wanA,ntjoqI wanA,ntyjoqA wanA,kjoqA wanA,
,3;PL,yjoqA renqA,ntjoqI renqA,ntyjoqA renqA,kjoqA renqA,
,,,,,,
[5],yku4,ate,tv,l-lh-h,mh-lh-h,l-lh-ms
,,CPL,PROG,HAB,POT,
,1;SG,ykonE,ntykonE,ntykonH,konH,
,2;SG,ykuG,ntykuG,ntykuG,kuG,
,3;SG,ykuA,ntykuI,ntykuA,kuA,
,1;PL;INCL,ykonJonI,ntykonEonE,ntykonJonI,konJonI,
,1;PL;EXCL,ykuA waG,ntykuI waG,ntykuA waG,kuA waG,
,2;PL,ykuA wanA,ntykuI wanA,ntykuA wanA,kuA wanA,
,3;PL,ykuA renqA,ntykuI renqA,ntykuA renqA,kuA renqA,
,,,,,,
[5],ykwiq4,spoke,tv,l-lh-h,mh-lh-h,l-lh-ms
,,CPL,PROG,HAB,POT,
,1;SG,ykwenqE,ntykwenqE,ntykwenqH,tykwenqH,
,2;SG,ykwiqG,ntykwiqG,ntykwiqG,tykwiqG,
,3;SG,ykwiqA,ntykwiqI,ntykwiqA,tykwiqA,
,1;PL;INCL,ykwenqJenI,ntykwenqEenE,ntykwenqJenI,tykwenqJenI,
,1;PL;EXCL,ykwiqA waG,ntykwiqI waG,ntykwiqA waG,tykwiqA waG,
,2;PL,ykwiqA wanA,ntykwiqI wanA,ntykwiqA wanA,tykwiqA wanA,
,3;PL,ykwiqA renqA,ntykwiqI renqA,ntykwiqA renqA,tykwiqA renqA,
,,,,,,
[5],ylaq4,touched,tv,l-lh-h,mh-lh-h,l-lh-ms
,,CPL,PROG,HAB,POT,
,1;SG,ylanqE,nlanqE,nlyanqH,klanqH,
,2;SG,ylaqG,nlaqG,nlyaqG,klaqG,
,3;SG,ylaqA,nlaqI,nlyaqA,klaqA,
,1;PL;INCL,ylanqJanI,nlanqEanE,nlyanqJanI,klanqJanI,
,1;PL;EXCL,ylaqA waG,nlaqI waG,nlyaqA waG,klaqA waG,
,2;PL,ylaqA wanA,nlaqI wanA,nlyaqA wanA,klaqA wanA,
,3;PL,ylaqA renqA,nlaqI renqA,nlyaqA renqA,klaqA renqA,
,,,,,,
[5],yta4,planted,iv,l-lh-h,mh-lh-h,l-lh-ms
,,CPL,PROG,HAB,POT,
,1;SG,ytanE,ntanE,ntyanH,ktanH,
,2;SG,ytaG,ntaG,ntyaG,ktaG,
,3;SG,ytaA,ntaI,ntyanA,ktaA,
,1;PL;INCL,ytanJanI,ntanEan,ntyanJanI,ktanJanI,
,1;PL;EXCL,ytaA waG,ntaI waG,ntyanA waG,ktaA waG,
,2;PL,ytaA wanA,ntaI wanA,ntyanA wanA,ktaA wanA,
,3;PL,ytaA renqA,ntaI renqA,ntyanA renqA,ktaA renqA,
,,,,,,
[5],ytiq4,sucked,tv,l-lh-h,mh-lh-h,l-lh-ms
,,CPL,PROG,HAB,POT,
,1;SG,ytenqE,ntenqE,ntyinqH,ktenqH,
,2;SG,ytiqG,ntiqG,ntyiqG,ktiqG,
,3;SG,ytiqA,ntiqI,ntyiqA,ktiqA,
,1;PL;INCL,ytenqJenI,ntenqEenE,ntyinqJenI,ktenqJenI,
,1;PL;EXCL,ytiqA waG,ntiqI waG,ntyiqA waG,ktiqA waG,
,2;PL,ytiqA wanA,ntiqI wanA,ntyiqA wanA,ktiqA wanA,
,3;PL,ytiqA renqA,ntiqI renqA,ntyiqA renqA,ktiqA renqA,
,,,,,,
[6],ntyka2,healed,iv,m-h-m,m-h-m,m-h-m
,,CPL,PROG,HAB,POT,
,1;SG,ntykanC,ntykanC,ntykanC,tykanC,
,2;SG,ntykaE,ntykaE,ntykaE,tykaE,
,3;SG,ntykaC,ntykaC,ntykaC,tykaC,
,1;PL;INCL,ntykanCanE,ntykanCanE,ntykanCanE,tykanCanE,
,1;PL;EXCL,ntykaC waG,ntykaC waG,ntykaC waG,tykaC waG,
,2;PL,ntykaC wanE,ntykaC wanE,ntykaC wanE,tykaC wanE,
,3;PL,ntykaC renqE,ntykaC renqE,ntykaC renqE,tykaC renqE,
,,,,,,
[7],ngwa2,was,iv,m-h-m,ml-lh-ml,ml-lh-ml
,,CPL,PROG,HAB,POT,
,1;SG,ngwanC,nganJ,ndyganJ,kanJ,
,2;SG,ngwaE,ngaG,ndygaG,kaG,
,3;SG,ngwaC,ngaJ,ndygaJ,kaJ,
,1;PL;INCL,ngwanCanE,nganB,ndyganB,kanJ,
,1;PL;EXCL,ngwaC waC,ngaJ waG,ndygaJ waG,kaJ waG,
,2;PL,ngwaC wanE,ngaJ wanI,ndygaJ wanI,kaJ wanI,
,3;PL,ngwaC renqE,ngaJ renqI,ndygaJ renqI,kaJ renqI,
,,,,,,
[8],ndyi4,finished,iv,h-lh-h,mh-mh-mh,l-lh-l
,,CPL,PROG,HAB,POT,
,1;SG,ndyinA,ndyinI,ndyinA,tyinA,
,2;SG,ndyiG,ndyiG,ndyiG,tyiG,
,3;SG,ndyiA,ndyiI,ndyiA,tyiA,
,1;PL;INCL,ndyinJanI,ndyinEanE,ndyinJanI,tyinJanI,
,1;PL;EXCL,ndyiA waG,ndyiI waG,ndyiA waG,tyiA waG,
,2;PL,ndyiA wanA,ndyiI wanA,ndyiA wanA,tyiA wanA,
,3;PL,ndyiA renqA,ndyiI renqA,ndyiA renqA,tyiA renqA,
,,,,,,
[9],ntykwa4,reached,tv  Is this the same as,l-lh-l,mh-lh-mh,l-lh-l
,,CPL,PROG,HAB,POT,
,1;SG,ntykwanA,ntykwanI,ntykwanA,tykwanA,
,2;SG,ntykwaG,ntykwaG,ntykwaG,tykwaG,
,3;SG,ntykwaA,ntykwaI,ntykwaA,tykwaA,
,1;PL;INCL,ntykwanJanI,ntykwanEanE,ntykwanJanI,tykwaJanI,
,1;PL;EXCL,ntykwaA waG,ntykwaI waG,ntykwaA waG,tykwaA waG,
,2;PL,ntykwaA wanA,ntykwaI wanA,ntykwaA wanA,tykwaA wanA,
,3;PL,ntykwaA renqA,ntykwaI renqA,ntykwaA renqA,tykwaA renqA,
,,,,,,
[9],yta4,waited,iv,l-lh-l,mh-lh-mh,l-lh-l
,,CPL,PROG,HAB,POT,
,1;SG,ytanA,ntanI,ntyanA,ktanA,
,2;SG,ytaG,ntaG,ntyaG,ktaG,
,3;SG,ytaA,ntaI,ntyanA,ktaA,
,1;PL;INCL,ytanJanI,ntan1an,ntyanJanI,ktanJanI,
,1;PL;EXCL,ytaA waG,ntaI waG,ntyanA waG,ktaA waG,
,2;PL,ytaA wanA,ntaI wanA,ntyanA wanA,ktaA wanA,
,3;PL,ytaA renqA,ntaI renqA,ntyanA renqA,ktaA renqA,
,,,,,,
[10],ntsaq42,got wet,tv,l-lh-l,mh-lh-mh,ml-lh-l
,,CPL,PROG,HAB,POT,
,1;SG,ntsanqA,ntsanqI,nchanqA,ksanqA,
,2;SG,ntsaqI,ntsaqI,nchaqG,ksaqG,
,3;SG,ntsaqG,ntsaqI,nchaqA,ksaqA,
,1;PL;INCL,ntsanqGanG,ntsanqEanE,nchanqJanI,ksanqCanI,
,1;PL;EXCL,ntsaqG waG,ntsaqI waG,nchaqA waG,ksaqA waG,
,2;PL,ntsaqG wanA,ntsaqI wanA,nchaqA wanA,ksaqA wanA,
,3;PL,ntsaqG renqA,ntsaqI renqA,nchaqA renqA,ksaqA renqA,
,,,,,,
[11],skwan1,plucked,iv,l-lh-l,mh-lh-mh,ms-lh-l
,,CPL,PROG,HAB,POT,
,1;SG,skwanA,nskwanI,nxkwanA,xkwanA,
,2;SG,skwaanG,nskwanG,nxkwanG,xkwanG,
,3;SG,skwanE,nskwanE,nxkwanH,xkwanH,
,1;PL;INCL,skwanEanE,nskwanEanE,nxkwanHanI,xkwanHanI,
,1;PL;EXCL,skwanE waG,nskwanE waG,nxkwanH waG,xkwanH waG,
,2;PL,skwanE wanA,nskwanE wanA,nxkwanH wanJ,xkwanH wanJ,
,3;PL,skwanE renqA,nskwanE renqE,nxkwanH renqJ,xkwanH renqJ,
,,,,,,
[12],nchin1,knotted,tv,h-lh-l,h-h-mh,ms-lh-l
,,CPL,PROG,HAB,POT,
,1;SG,nchinA,nchinI,nchinA,kchinA,
,2;SG,nchinI,nchinI,nchinG,kchinG,
,3;SG,nchinE,nchinE,nchinH,kchinH,
,1;PL;INCL,nchinEinE,nchinEinE,nchinEinE,kchinEinE,
,1;PL;EXCL,nchinE waG,nchinE waG,nchinE waG,kchinE waG,
,2;PL,nchinE wanJ,nchinE wanJ,nchinE wanJ,knchinE wanJ,
,3;PL,nchinE renqJ,nchinE renqJ,nchinE renqJ,knchinE renqJ,
,,,,,,
[13],nkwi1,flew,iv,h-lh-l,h-h-ms,ms-lh-l
,,CPL,PROG,HAB,POT,
,1;SG,nkwenA,ntkwenH,ntykwenH,tykwenA,
,2;SG,nkwiG,ntkwiG,ntykwiG,tykwiG,
,3;SG,nkwiE,ntkwiE,ntykwiH,tykwiH,
,1;PL;INCL,nkwenEenE,ntkwenEenE,ntykwenHenI,tykwenHenI,
,1;PL;EXCL,nkwiE waG,ntkwiE waG,ntykwiH waG,tykwiH waG,
,2;PL,nkwiE wanJ,ntkwiE wanJ,ntykwiH wanJ,tykwiH wanJ,
,3;PL,nkwiE renqJ,ntkwiE renqJ,ntykwiH renqJ,tykwiH renqJ,
,,,,,,
[14],yla1,was born,tv,h-lh-l,h-lh-l,l-lh-l
,,CPL,PROG,HAB,POT,
,1;SG,ylanA,nlanI,nlyanA,klanA,
,2;SG,ylaG,nlaG,nlyaG,klaG,
,3;SG,ylaE,nlaI,nlyaA,klaA,
,1;PL;INCL,ylanEanE,nlaEanE,nlyaJanI,klanJanI,
,1;PL;EXCL,ylaE waG,nlaE waG,nlyaA waG,klaA waG,
,2;PL,ylaE wanJ,nlaE wanJ,nlyaA wanA,klaA wanA,
,3;PL,ylaE renqJ,nlaE renqJ,nlyaA renqA,klaA renqA,
,,,,,,
[15],sqyu1,cut up,tv,h-lh-l,h-lh-l,ms-lh-l
,,CPL,PROG,HAB,POT,
,1;SG,sqyonA,nsqyonI,nsqyonA,sqyonA,
,2;SG,sqyuG,nsqyuG,nsqyuG,sqyuG,
,3;SG,sqyuE,nsqyuE,nsqyuH,sqyuH,
,1;PL;INCL,sqyonEonE,nsqyonEonE,nsqyonHonI,sqyonHonI,
,1;PL;EXCL,sqyuE waG,nsqyuE waG,nsqyuH waG,sqyuH waG,
,2;PL,sqyuE wanJ,nsqyuE wanJ,nsqyuH wanJ,sqyuH wanJ,
,3;PL,sqyuE renqJ,nsqyuE renqJ,nsqyuH renqJ,sqyuH renqJ,
,,,,,,
[16],ja1,clear up,tv,h-lh-l,h-lh-mh,ms-lh-l
,,CPL,PROG,HAB,POT,
,1;SG,janA,ntjanI,ntjanA,janA,
,2;SG,jaG,ntjaG,ntyjaG,jaG,
,3;SG,jaE,ntjaE,ntjaH,jaH,
,1;PL;INCL,janEanE,ntjanEanE,ntjanHanI,janHanI,
,1;PL;EXCL,jaE waG,ntjaE waG,ntjaH waG,jaH waG,
,2;PL,jaE wanJ,ntjaE wanJ,ntjaH wanJ,jaH wanJ,
,3;PL,jaE renqJ,ntjaE renqJ,ntjaH renqJ,jaH renqJ,
,,,,,,
[16],ji1,to miss an activity,,h-lh-l,h-lh-mh,ms-lh-l
,,CPL,PROG,HAB,POT,
,1;SG,jinA,ntjenI,ntyjinA,jinA,
,2;SG,jiG,ntyjiG,ntyjiG,jiG,
,3;SG,jiE,ntjiE,ntyjiH,jiH,
,1;PL;INCL,jinEinE,ntjinEinE,ntjinHinI,jinHinI,
,1;PL;EXCL,jiE waG,ntjiE waG,ntjiH waG,jiH waG,
,2;PL,jiE wanJ,ntjiE wanJ,ntjiH wanJ,jiH wanJ,
,3;PL,jiE renqJ,ntjiE renqJ,ntjiH renqJ,jiH renqJ,
,,,,,,
[16],ji1,spent money,,h-lh-l,h-lh-mh,ms-lh-l
,,CPL,PROG,HAB,POT,
,1;SG,jinA,ntjenI,ntyjinA,jinA,
,2;SG,jiG,ntjiG,ntyjiG,jiG,
,3;SG,jiE,ntjiE,ntyjiH,jiH,
,1;PL;INCL,jinEinE,ntjenEenE,ntjiHinI,jiHinI,
,1;PL;EXCL,jiE waG,ntjiE waG,ntjiH waG,jiH waG,
,2;PL,jiE wanJ,ntjiE wanJ,ntjiH wanJ,jiH wanJ,
,3;PL,jiE renqJ,ntjiE renqJ,ntjiH renqJ,jiH renqJ,
,,,,,,
[16],ylu1,dug,tv,h-lh-l,h-lh-mh,ms-lh-l
,,CPL,PROG,HAB,POT,
,1;SG,ylonA,nlonI,nlonA,klonA,
,2;SG,yluG,nluG,nluG,kluG,
,3;SG,yluE,nluE,nluH,kluH,
,1;PL;INCL,ylonEonE,nlonEonE,nlonHonI,klonHonI,
,1;PL;EXCL,yluE wanJ,nluE waG,nluH waG,kluH waG,
,2;PL,yluE wanJ,nluE wanJ,nluH wanJ,kluH wanJ,
,3;PL,yluE renqJ,nluE renqJ,nluH renqJ,nluH renqJ,
,,,,,,
[16],nna1,looked for,iv,h-lh-l,h-lh-mh,ms-lh-l
,,CPL,PROG,HAB,POT,
,1;SG,nnanA,nnanI,nnanA,knanA,
,2;SG,nnaG,nnaG,nnaG,knaG,
,3;SG,nnaE,nnaE,nnaH,knaH,
,1;PL;INCL,nnanEanE,nnanEanE,nnanHanI,knaHanI,
,1;PL;EXCL,nnaE waG,nnaE waG,nnaH waG,knaH waG,
,2;PL,nnaE wanJ,nnaE wanJ,nnaH wanJ,knaH wanJ,
,3;PL,nnaE renqJ,nnaE renqJ,nnaH renqJ,knaH renqJ,
,,,,,,
[16],naq1 yqwi24,got lost,iv,h-lh-l,h-lh-mh,ms-lh-l
,,CPL,PROG,HAB,POT,
,1;SG,nanqE yqwenJ,nnanqE yqwenJ,nnanqH yqwenJ,knanqH yqwenJ,
,2;SG,nanqE yqwiG,nnanqE yqwiG,nnanqH  yqwiG,knanqH  yqwiG,
,3;SG,naqE yqwiJ,nnaqE yqwiJ,nnaqH  yqwiJ,knaqH  yqwiJ,
,1;PL;INCL,nanqE yqwenJenI,nnanqE yqwenJenI,nnanqH  yqwenJenI,knanqH  yqwenJenI,
,1;PL;EXCL,naqE yqwiJ waG,nnaqE yqwiJ waG,nnaqH yqwiJ waG,naqH yqwiJ waG,
,2;PL,naqE yqwiJ wanJ,nnaqE yqwiJ wanJ,nnaqH yqwiJ wanJ,naqH yqwiJ wanJ,
,3;PL,naqE yqwiJ renqJ,nnaqE yqwiJ renqJ,nnaqH yqwiJ renqJ,naqH yqwiJ renqJ,
,,,,,,
[16],ncha1,broke,tv,h-lh-l,h-lh-mh,ms-lh-l
,,CPL,PROG,HAB,POT,
,1;SG,nchanA,nchanI,nchanA,kchanA,
,2;SG,nchaG,nchaG,nchaG,kchaG,
,3;SG,nchaE,nchaE,nchaH,kchaH,
,1;PL;INCL,nchanEanE,nchanEanE,nchanHanI,kchanHanI,
,1;PL;EXCL,nchaE waG,nchaE waG,nchaH waG,kchaH waG,
,2;PL,nchaE wanJ,nchaE wanJ,nchaH wanJ,kchaH wanJ,
,3;PL,nchaE renqJ,nchaE renqJ,nchaH renqJ,kchaH renqJ,
,,,,,,
[16],nkqi1,got roasted,tv,h-lh-l,h-lh-mh,ms-lh-l
,,CPL,PROG,HAB,POT,
,1;SG,nkqinA,ntyqinI,ntqinA,kqinA,
,2;SG,nkqiG,ntyqiG,ntyqiG,kqiG,
,3;SG,nkqiE,ntyqiE,ntqiH,kqiH,
,1;PL;INCL,nkqinEinE,ntqinEinE,ntqinHonI,kqinHonI,
,1;PL;EXCL,nkqiE waG,ntqiE waG,ntqiH waG,kqiH waG,
,2;PL,nkqiE wanJ,ntqiE wanJ,ntqiH wanJ,kqiH wanJ,
,3;PL,nkqiE renqJ,ntqiE renqJ,ntqiH renqJ,kqiH renqJ,
,,,,,,
[16],ntqan1,smeared,tv,h-lh-l,h-lh-mh,ms-lh-l
,,CPL,PROG,HAB,POT,
,1;SG,ntqanA,ntqanI,ntqanA,tqanA,
,2;SG,ntqanG,ntqanG,ntqanG,tqanG,
,3;SG,ntqanE,ntqanE,ntqanH,tqanH,
,1;PL;INCL,ntqanEanE,ntqanEanE,ntqanHanI,tqanHanI,
,1;PL;EXCL,ntqanE waG,ntqanE waG,ntqanH waG,tqanH waG,
,2;PL,ntqanE wanJ,ntqanE wanJ,ntqanH wanJ,tqanH wanJ,
,3;PL,ntqanE renqJ,ntqanE renqJ,ntqanH renqJ,tqanH renqJ,
,,,,,,
[16],ntja1,sneezed,iv,h-lh-l,h-lh-mh,ms-lh-l
,,CPL,PROG,HAB,POT,
,1;SG,ntjanA,ntjanI,ntyjanA,tyjanA,
,2;SG,ntjaG,ntjaG,ntyjaG,tyjaG,
,3;SG,ntjaE,ntjaE,ntyjaH,tyjaH,
,1;PL;INCL,ntjanEanE,ntjanEanE,ntyjanHanI,tyjanHanI,
,1;PL;EXCL,ntjaE waG,ntjaE waG,ntyjaH waG,tyjaH waG,
,2;PL,ntjaE wanJ,ntjaE wanJ,ntyjaH wanJ,tyjaH wanJ,
,3;PL,ntjaE renqJ,ntjaE renqJ,ntyjaH renqJ,tyjaH renqJ,
,,,,,,
[16],ntykaq1,leapt,iv,h-lh-l,h-lh-mh,ms-lh-l
,,CPL,PROG,HAB,POT,
,1;SG,ntykanqA,ntykanqI,ntykanqA,tykanqA,
,2;SG,ntykaqG,ntykaqG,ntykaqG,tykaqG,
,3;SG,ntykaqE,ntykaqE,ntykaqH,tykaqH,
,1;PL;INCL,ntykanqEanE,ntykanqEanE,ntykanqHanI,tykanqHanI,
,1;PL;EXCL,ntykaqE waG,ntykaqE waG,ntykaqH waG,tykaqH waG,
,2;PL,ntykaqE wanJ,ntykaqE wanJ,ntykaqH wanJ,tykaqH wanJ,
,3;PL,ntykanqE renqJ,ntykanqE renqJ,ntykanqH renqJ,tykanqH renqJ,
,,,,,,
[16],ntyqya1,lowered down,tv,h-lh-l,h-lh-mh,ms-lh-l
,,CPL,PROG,HAB,POT,
,1;SG,ntyqyanA,ntyqyanI,ntyqyanA,tyqyanA,
,2;SG,ntyqyaG,ntyqyaG,ntyqyaG,tyqyaG,
,3;SG,ntyqyaE,ntyqyaE,ntyqyaH,tyqyaH,
,1;PL;INCL,ntyqyanEanE,ntyqyanEanE,ntyqyanHanI,tyqyanHanI,
,1;PL;EXCL,ntyqyaE waG,ntyqyaE waG,ntyqyaH waG,tyqyaH waG,
,2;PL,ntyqyaE wanJ,ntyqyaE wanJ,ntyqyaH wanJ,tyqyaH wanJ,
,3;PL,ntyqyaE renqJ,ntyqyaH renqJ,ntyqyaH renqJ,tyqyaH renqJ,
,,,,,,
[16],qnyi1,hit,tv,h-lh-l,h-lh-mh,ms-lh-l
,,CPL,PROG,HAB,POT,
,1;SG,qninA,nqninI,nqninA,kqninA,
,2;SG,qniG,nqniG,nqniA02,knyiG,
,3;SG,qnyiE,nqniE,nqniH,kqniH,
,1;PL;INCL,qnyinEinE,nqnyinEinE,nqnyinHinI,qnyinHinI,
,1;PL;EXCL,qnyiE waG,nqnyiE waG,nqnyiH waG,qnyiH waG,
,2;PL,qnyiE wanJ,nqnyiE wanJ,nqnyiH wanJ,qnyiH wanJ,
,3;PL,qnyiE renqJ,nqnyiE renqJ,nqnyiH renqJ,qnyiH renqJ,
,,,,,,
[16],skwaq1,take out corn kernels from cob,tv,h-lh-l,h-lh-mh,ms-lh-l
,,CPL,PROG,HAB,POT,
,1;SG,skwanqA,nskwanqI,nchkwanqA,skwanqA,
,2;SG,skwaqG,nskwaqG,nchkwaqG,skwaqG,
,3;SG,skwaqE,nskwaqE,nchkwaqH,skwaqH,
,1;PL;INCL,skwaqEanE,nskwaqEanE,nskwaqHanI,skwaqHanI,
,1;PL;EXCL,skwaqE waG,nskwaqE waG,nskwaqH waG,skwaqH waG,
,2;PL,skwaqE wanJ,nskwaqE wanJ,nskwaqH wanJ,skwaqH wanJ,
,3;PL,skwaqE renqJ,nskwaqE renqJ,nskwaqH renqJ,skwaqH renqJ,
,,,,,,
[16],skwen1,shook,tv,h-lh-l,h-lh-mh,ms-lh-l
,,CPL,PROG,HAB,POT,
,1;SG,skwenA,nskwenI,nskwenA,skwenA,
,2;SG,skwenG,nskwenG,nskwenG,skwenG,
,3;SG,skwenE,nskwenE,nskwenH,skwenH,
,1;PL;INCL,skwenEenE,nskwenEenE,nskwenHenI,skwenHenI,
,1;PL;EXCL,skwenE waG,nskwenE waG,nskwenH waG,skwenH waG,
,2;PL,skwenE wanJ,nskwenE wanJ,nskwenH wanJ,skwenH wanJ,
,3;PL,skwenE renqJ,nskwenE renqJ,nskwenH renqJ,skwenH renqJ,
,,,,,,
[16],sla1,opened,iv,h-lh-l,h-lh-mh,ms-lh-l
,,CPL,PROG,HAB,POT,
,1;SG,slanA,nslanI,nslanA,slanA,
,2;SG,slaG,nslaG,nslaG,slaG,
,3;SG,slaE,nslaE,nslaH,slaH,
,1;PL;INCL,slanEanE,nslanEanE,nslanHanI,slanHanI,
,1;PL;EXCL,slaE waG,nslaE waG,nslaH waG,slaH waG,
,2;PL,slaE wanJ,nslaE wanJ,nslaH wanJ,slaH wanJ,
,3;PL,slaE renqJ,nslaE renqJ,nslaH renqJ,slaH renqJ,
,,,,,,
[16],slaq1,said good bye for a last time,tv,h-lh-l,h-lh-mh,ms-lh-l
,,CPL,PROG,HAB,POT,
,1;SG,slanqA,nslanqI,nslanqA,slanqA,
,2;SG,slaqG,nslaqG,nslaqG,slaqG,
,3;SG,slaqE,nslaqE,nslaqH,slaqH,
,1;PL;INCL,slanqEanE,nslanqEanE,nslanqHanI,slanqHanI,
,1;PL;EXCL,slaqE waG,nslaqE waG,nslaqH waG,slaqH waG,
,2;PL,slaqE wanJ,nslaqE wanJ,nslaqH wanJ,slaqH wanJ,
,3;PL,slaqE renqJ,nslaqE renqJ,nslaqH renqJ,slaqH renqJ,
,,,,,,
[16],snyaq1,pinched,tv,h-lh-l,h-lh-mh,ms-lh-l
,,CPL,PROG,HAB,POT,
,1;SG,snyanqA,nsnyanqI,nsnyanqA,snyanqA,
,2;SG,snyaqG,nsnyaqG,nsnyaqG,snyaqG,
,3;SG,snyaqE,nsnyaqE,nsnyaqH,snyaqH,
,1;PL;INCL,snyaqEanE,nsnyaqEanE,nsnyaqH anI,snyaqH anI,
,1;PL;EXCL,snyaqE waG,nsnyaqE waG,nsnyaqH waG,snyaqH waG,
,2;PL,snyaqEwanJ,nsnyaqEwanJ,nsnyaqH wanJ,snyaqH wanJ,
,3;PL,snyaqErenqJ,nsnyaqErenqJ,nsnyaqErenqJ,snyaqErenqJ,
,,,,,,
[16],sqna1,cause to swing,tv,h-lh-l,h-lh-mh,ms-lh-l
,,CPL,PROG,HAB,POT,
,1;SG,sqnanA,nsqnanI,nsqnanA,sqnanA,
,2;SG,sqnaG,nsqnaG,nsqnaG,sqnaG,
,3;SG,sqnaE,nsqnaE,nsqnaH,sqnaH,
,1;PL;INCL,sqnaEanE,nsqnaEanE,nsqnaHanI,sqnaHanI,
,1;PL;EXCL,sqnaE waG,nsqnaE waG,nsqnaH waG,sqnaH waG,
,2;PL,sqnaE wanJ,nsqnaE wanJ,nsqnaH wanJ,sqnaH wanJ,
,3;PL,sqnaE renqJ,nsqnaE renqJ,nsqnaH renqJ,sqnaH renqJ,
,,,,,,
[16],sqya1,screamed,iv,h-lh-l,h-lh-mh,ms-lh-l
,,CPL,PROG,HAB,POT,
,1;SG,sqyanA,nsqyanI,nxqyanA,xqyanA,
,2;SG,sqyaG,nsqyaG,nxqyaG,xqyaG,
,3;SG,sqyaE,nsqyaE,nxqyaH,xqyaH,
,1;PL;INCL,sqyaEanE,nsqyaEanE,nxqyaHanI,xqyaHanI,
,1;PL;EXCL,sqyaE waG,nsqyaE waG,nxqyaH waG,xqyaH waG,
,2;PL,sqyaE wanJ,nsqyaE wanJ,nxqyaH wanJ,xqyaH wanJ,
,3;PL,sqyaE renqJ,nsqyaE renqJ,nxqyaH renqJ,xqyaH renqJ,
,,,,,,
[16],sta1,crushed,tv,h-lh-l,h-lh-mh,ms-lh-l
,,CPL,PROG,HAB,POT,
,1;SG,stanA,nstanI,nstanA,stanA,
,2;SG,staG,nstaG,nstaG,staG,
,3;SG,staE,nstaE,nstaH,staH,
,1;PL;INCL,stanEanE,nstanEanE,nstanHanI,stanHanI,
,1;PL;EXCL,staE waG,nstaE waG,nstaH waG,staH waG,
,2;PL,staE wanJ,nstaE wanJ,nstaH wanJ,staH wanJ,
,3;PL,staE renqJ,nstaE renqJ,nstaH renqJ,staH renqJ,
,,,,,,
[16],styi1,laughed,,h-lh-l,h-lh-mh,ms-lh-l
,,CPL,PROG,HAB,POT,
,1;SG,styinA,nstyinI,nstyinA,styinA,
,2;SG,styiG,nstyiG,nstyiG,styiG,
,3;SG,styiE,nstyiE,nstyiH,styiH,
,1;PL;INCL,styinEinE,nstyinEinE,nstyinHinI,styinHinI,
,1;PL;EXCL,styiE waG,nstyiE waG,nstyiH waG,styiH waG,
,2;PL,styiE wanJ,nstyiE wanJ,nstyiH wanJ,styiH wanJ,
,3;PL,styiE renqJ,nstyiE renqJ,nstyiH renqJ,styiH renqJ,
,,,,,,
[16],ykwanq1,slapped,tv,h-lh-l,h-lh-mh,ms-lh-l
,,CPL,PROG,HAB,POT,
,1;SG,ykwanqA,ntykwanqI,ntykwanqA,ykwanqA,
,2;SG,ykwanqG,ntykwanqG,ntykwanqG,ykwanqG,
,3;SG,ykwanqE,ntykwanqE,ntykwanqH,ykwanqH,
,1;PL;INCL,ykwanqEanE,ntykwanqEanE,ntykwanqHanI,ykwanqHanI,
,1;PL;EXCL,ykwanqE waG,ntykwanqE waG,ntykwanqH waG,ykwanqH waG,
,2;PL,ykwanqE wanJ,ntykwanqE wanJ,ntykwanqH wanJ,ykwanqH wanJ,
,3;PL,ykwanqE renqJ,ntykwanqE renqJ,ntykwanqH renqJ,ykwanqH renqJ,
,,,,,,
[16],ykwenq1,swallowed,tr,h-lh-l,h-lh-mh,ms-lh-l
,,CPL,PROG,HAB,POT,
,1;SG,ykwenqA,ntykwenqI,ntykwenqA,tykwenqA,
,2;SG,ykwenqG,ntykwenqG,ntykwenqG,tykwenqG,
,3;SG,ykwenqE,ntykwenqE,ntykwenqH,tykwenqH,
,1;PL;INCL,ykwenqEenE,ntykwenqEenE,ntykwenqHenI,tykwenqHenI,
,1;PL;EXCL,ykwenqE waG,ntykwenqE waG,ntykwenqHwaG,tykwenqHwaG,
,2;PL,ykwenqE wanJ,ntykwenqE wanJ,ntykwenqHwanJ,tykwenqHwanJ,
,3;PL,ykwenqE renqJ,ntykwenqE renqJ,ntykwenqH renqJ,tykwenqH renqJ,
,,,,,,
[16],ynaq1,got lost,,h-lh-l,h-lh-mh,ms-lh-l
,,CPL,PROG,HAB,POT,
,1;SG,ynanqA,nnanqI,nnanqA,knanqA,
,2;SG,ynaqG,nnaqG,nnaqG,knaqG,
,3;SG,ynaqE,nnaqE,nnaqH,knaqH,
,1;PL;INCL,ynaqAanI,naqEanE,nnaqHanI,knaqHanI,
,1;PL;EXCL,ynaqE waG,nnaqE waG,nnaqH waG,knaqH waG,
,2;PL,ynaqE wanJ,nnaqE wanJ,nnaqH wanJ,knaqH wanJ,
,3;PL,ynaqE renqJ,nnaqE renqJ,nnaqH renqJ,knaqH renqJ,
,,,,,,
[17],ntqen1,married,,h-lh-l,h-lh-mh,ms-lh-mh
,,CPL,PROG,HAB,POT,
,1;SG,ntqenA,ntqenI,ntyqinA,tyqinA,
,2;SG,ntqenG,ntqenG,ntyqinG,tyqinG,
,3;SG,ntqenE,ntqenE,ntyqinH,tyqinH,
,1;PL;INCL,ntqenEenE,ntqenEenE,ntyqinHenI,tyqinHenI,
,1;PL;EXCL,ntqenE waG,ntqenE waG,ntyqinH waG,tyqinH waG,
,2;PL,ntqenE wanJ,ntqenE wanJ,ntyqinH wanJ,tyqinH wanJ,
,3;PL,ntqenE renqJ,ntqenE renqJ,ntyqinH renqJ,tyqinH renqJ,
,,,,,,
[18],sqan1,filled,tv,h-lh-l,h-lh-ms,ms-lh-l
,,CPL,PROG,HAB,POT,
,1;SG,sqanA,nsqanH,ntsqanA,sqanA,
,2;SG,sqanG,nsqanG,ntsqanG,sqanG,
,3;SG,sqanE,nsqanE,ntsqanH,sqanH,
,1;PL;INCL,sqanEanE,nsqanEanE,ntsqanHanI,sqanHanI,
,1;PL;EXCL,sqanE waG,nsqanE waG,ntsqanH waG,sqanH waG,
,2;PL,sqanE wanA,nsqanE wanA,ntsqanH wanJ,sqanH wanJ,
,3;PL,sqanE renqJ,nsqanE renqJ,ntsqanH renqJ,sqanH renqJ,
,,,,,,
[19],nkwi1,boiled,iv,h-lh-l,h-lh-ms,ms-lh-ms
,,CPL,PROG,HAB,POT,
,1;SG,nkwenA,ntkwenI,ntykwenA,kwenA,
,2;SG,nkwiG,ntkwiG,ntykwiG,kwiG,
,3;SG,nkwiE,ntkwiE,ntykwiH,kwiH,
,1;PL;INCL,nkwenEenE,ntkwenEenE,ntykwenHenI,kwenHenI,
,1;PL;EXCL,nkwiE waG,ntkwiE waG,ntykwiH waG,kwiH waG,
,2;PL,nkwiE wanJ,ntkwiE wanJ,ntykwiH wanJ,kwiH wanJ,
,3;PL,nkwiE renqJ,ntkwiE renqJ,ntykwiH renqJ,kwiH renqJ,
,,,,,,
[20],kwan1,blessed him,iv,h-lh-l,mh-lh-mh,l-lh-l
,,CPL,PROG,HAB,POT,
,1;SG,kwanA,ntkwanI,ntkwanA,kwanA,
,2;SG,kwanG,ntkwanG,ntkwanG,kwanG,
,3;SG,kwanE,ntkwanI/E,ntkwanA,kwanA,
,1;PL;INCL,kwanJanI,ntkwanEanE,ntkwanJanI,kwanJanI,
,1;PL;EXCL,kwanE waG,ntkwanI/E waG,ntkwanA waG,kwanA waG,
,2;PL,kwanE wanA,ntkwanI/E wanA,ntkwanA wanA,kwanA wanA,
,3;PL,kwanE renqA,ntkwanI/E renqA,ntkwanA renqA,kwanA renqA,
,,,,,,
[21],nti1,softened up,tv,h-lh-l,mh-lh-mh,ms-lh-l
,,CPL,PROG,HAB,POT,
,1;SG,ntenA,ntenI,ntenA,ktenA,
,2;SG,ntiG,ntiG,ntiG,ktiG,
,3;SG,ntiE,ntiI/E,ntiH,ktiH,
,1;PL;INCL,ntenEenE,ntenEenE,ntenHenI,ktenHenI,
,1;PL;EXCL,ntiE waG,ntiE/I waG,ntiH waG,ktiH waG,
,2;PL,ntiE wanJ,ntiE/I wanJ,ntiH wanJ,ktiH wanJ,
,3;PL,ntiE renqJ,ntiE/I renqJ,ntiH renqJ,ktiH renqJ,
,,,,,,
[21],ntyi4,"dried, erased",tv,h-lh-l,mh-lh-mh,ms-lh-l
,,CPL,PROG,HAB,POT,
,1;SG,ntyinA,ntyinI,ntyinA,ktyinA,
,2;SG,ntyiA,ntyiG,ntyiG,ktyiG,
,3;SG,ntyiA,ntyiI/E,ntyiH,ktyiH,
,1;PL;INCL,ntyinEinE,ntyinEinE,ntyinHinI,ktyinHinI,
,1;PL;EXCL,ntyiE/A waG,ntyiI/E waG,ntyiH waG,ktyiH waG,
,2;PL,ntyiE/A wanJ,ntyiI/E wanJ,ntyiH wanJ,ktyiH wanJ,
,3;PL,ntyiE/A renqJ,ntyiI/E renqJ,ntyiH renqJ,ktyiH renqJ,
,,,,,,
[21],ntyjyuq1,got stuck in mud,iv,h-lh-l,mh-lh-mh,ms-lh-l
,,CPL,PROG,HAB,POT,
,1;SG,ntyjyonqA,ntyjyonqI,ntyjyonqA,kjyonqA,
,2;SG,ntyjyuqG,ntyjyuqG,ntyjyuqG,kjyuqG,
,3;SG,ntyjyuqE,ntyjyuqE/I,ntyjyuqH,kjyuqH,
,1;PL;INCL,ntyjyonqEonE,ntyjyonqEonE,ntyjyonqHonI,kjyonqHonI,
,1;PL;EXCL,ntyjyuqE waG,ntyjyuqI/E waG,ntyjyuqH waG,kjyuqH waG,
,2;PL,ntyjyuqE wanJ,ntyjyuqI/E wanJ,ntyjyuqH wanJ,kjyuqH wanJ,
,3;PL,ntyjyuqE renqJ,ntyjyuqI/E renqJ,ntyjyuqH renqJ,kjyuqH renqJ,
,,,,,,
[21],xki1,bent,tv,h-lh-l,mh-lh-mh,ms-lh-l
,,CPL,PROG,HAB,POT,
,1;SG,xkinA,nxkinI,nxkinA,xkinA,
,2;SG,xkiG,nxkiG,nxkiG,xkiG,
,3;SG,xkiE,nxkiE,nxkiH,xkiH,
,1;PL;INCL,xkinEinE,nxkinEinE,nxkinHinI,xkinHinI,
,1;PL;EXCL,xkiE waG,nxkiE waG,nxkiH waG,xkiH waG,
,2;PL,xkiE wanJ,nxkiE wanJ,nxkiH wanJ,xkiH wanJ,
,3;PL,xkiE renqJ,nxkiE renqJ,nxkiH renqJ,xkiH renqJ,
,,,,,,
[22],ntyqya1,brought down,tv,h-lh-l,h-mh-mh,ms-lh-l
,,CPL,PROG,HAB,POT,
,1;SG,ntyqyanA,ntyqyanI,ntyqyanA,tyqyanA,
,2;SG,ntyqyaG,ntyqyaG,ntyqyaG,tyqyaG,
,3;SG,ntyqyaE,ntyqyaE,ntyqyaH,tyqyaH,
,1;PL;INCL,ntyqyanEanE,ntyqyanEanE,ntyqyanHanI,tyqyanHanI,
,1;PL;EXCL,ntyqyaE waG,ntyqyaE waG,ntyqyaH waG,tyqyaH waG,
,2;PL,ntyqyaE wanJ,ntyqyaE wanJ,ntyqyaH wanJ,tyqyaH wanJ,
,3;PL,ntyqyaE renqJ,ntyqyaE renqJ,ntyqyaH renqJ,tyqyaH renqJ,
,,,,,,
[22],xqan1,changed,iv,h-lh-l,h-mh-mh,ms-lh-l
,,CPL,PROG,HAB,POT,
,1;SG,xqanA,nxqanI,nxqanA,xqanA,
,2;SG,xqanG,nxqanG,nxqanG,xqanG,
,3;SG,xqanE,nxqanE,nxqanH,xqanH,
,1;PL;INCL,xqanEanE,nxqanEanE,nxqanHanI,xqanHanI,
,1;PL;EXCL,xqanE waG,nxqanE waG,nxqanH waG,xqanH waG,
,2;PL,xqanE wanJ,nxqanE wanJ,nxqanH wanJ,xqanH wanJ,
,3;PL,xqanE renqJ,nxqanE renqJ,nxqanH renqJ,xqanH renqJ,
,,,,,,
[22],ntja1,sneezed,tv,h-lh-l,h-mh-mh,ms-lh-l
,,CPL,PROG,HAB,POT,
,1;SG,ntjanA,ntyjanI,ntyjanA,tyjanA,
,2;SG,ntjaG,ntyjaG,ntyjaG,tyjaG,
,3;SG,ntjaE,ntyjaE,ntyjaH,tyjaH,
,1;PL;INCL,ntjanEanE,ntyjanEanE,ntyjanHanI,tyjanHanI,
,1;PL;EXCL,ntjaE waG,ntyjaE waG,ntyjaH waG,tyjaH waG,
,2;PL,ntjaE wanJ,ntyjaE wanJ,ntyjaH wanJ,tyjaH wanJ,
,3;PL,ntjaE renqJ,ntyjaE renqJ,ntyjaH renqJ,tyjaH renqJ,
,,,,,,
[23],qan4,sat,iv,l-lh-ms,l-lh-ms,l-lh-ms
,,CPL,PROG,HAB,POT,
,1;SG,qanH,nkqanE,ntyqanH,tyqanH,
,2;SG,qanG,nkqanG,ntyqanG,tyqanG,
,3;SG,qanA,nkqanI,ntyqanA,tyqanA,
,1;PL;INCL,qanJanI,nkqanJanI,ntyqanJanI,tyqanJanI,
,1;PL;EXCL,qanA waG,nkqanA waG,ntyqanA waG,tyqanA waG,
,2;PL,qanA wanA,nkqanA wanA,ntyqanA wanA,tyqanA wanA,
,3;PL,qanA renqA,nkqanA renqA,ntyqanA renqA,tyqanA renqA,
,,,,,,
[23],qen4,existed,iv,l-lh-ms,l-lh-ms,l-lh-ms
,,CPL,PROG,HAB,POT,
,1;SG,qenH,ntqenH,ntyqinH,tyqinH,
,2;SG,qenG,ntqeG,ntyqinG,tyqinG,
,3;SG,qenA,ntqenA,ntyqinA,tyqinA,
,1;PL;INCL,qenJenI,ntqenJenI,ntyqinJinI,tyqinJinI,
,1;PL;EXCL,qenA waG,ntqeA waG,ntyqinA waG,tyqinA waG,
,2;PL,qenA wanA,ntqeA wanA,ntyqinA wanA,tyqinA wanA,
,3;PL,qenA renqA,ntqeA renqA,ntyqinA renqA,tyqinA renqA,
,,,,,,
[23],yqwi4,existed,iv,l-lh-ms,l-lh-ms,l-lh-ms
,,CPL,PROG,HAB,POT,
,1;SG,yqwenH,sqwenH,ntyqwenH,tyqwenH,
,2;SG,yqwiG,sqwiG,ntyqwiG,tyqwiG,
,3;SG,yqwiA,sqwiA,ntyqwiA,tyqwiA,
,1;PL;INCL,yqwenJenI,sqwenJenI,ntyqwenJenI,tyqwenJenI,
,1;PL;EXCL,yqwiA waG,sqwiA waG,ntyqwiA waG,tyqwiA waG,
,2;PL,yqwiA wanA,sqwiA wanA,ntyqwiA wanA,tyqwiA wanA,
,3;PL,yqwiA renqA,sqwiA renqA,ntyqwiA renqA,tyqwiA renqA,
,,,,,,
[24],qan4,went around,tv,l-lh-ms,mh-lh-h,l-lh-ms
,,CPL,PROG,HAB,POT,
,1;SG,qanH,ntqanE,ntyqanH,tyqanH,
,2;SG,qanG,ntqanG,ntyqanG,tyqanG,
,3;SG,qanA,ntqanI,ntyqanA,tyqanA,
,1;PL;INCL,qanJanI,ntqanJanI,ntyqanJanI,tyqanJanI,
,1;PL;EXCL,qanA waG,ntqanA waG,ntyqanA waG,tyqanA waG,
,2;PL,qanA wanA,ntqanA wanA,ntyqanA wanA,tyqanA wanA,
,3;PL,qanA renqA,ntqanA renqA,ntyqanA renqA,tyqanA renqA,
,,,,,,
[25],yqwe2,"to have sex, male register",tv,m-ms-ls,m-h-m,hl-ms-ls
,,CPL,PROG,HAB,POT,
,1;SG,yqwenL,ntqwenC,ntyqwenL,kqwenL,
,2;SG,yqweE,ntyqweE,ntyqweH,kqweH,
,3;SG,yqweC,ntqweC,ntyqweB,kqweB,
,1;PL;INCL,yqwenCenE,ntqwenCenE,ntyqwenB,kqwenB,
,1;PL;EXCL,yqweC waG,ntqweC waG,ntyqweEL waG,kqweEL waG,
,2;PL,yqweC wanE,ntqweC wanE,ntyqweB wanS,kqweB wanS,
,3;PL,yqweC renqE,ntqweC renqE,ntyqweB renqS,kqweB renqS,
,,,,,,
[26],ntyjanq4,contagiated,tv,m-ms-ls,m-m-ls,hl-ms-ls
,,CPL,PROG,HAB,POT,
,1;SG,ntyjanqL,ntyjanqL,ntyjanqL,tyjanqL,
,2;SG,ntyjanqG,ntyjanqE,ntyjanqH,tyjanqH,
,3;SG,ntyjanqA,ntyjanqI,ntyjanqH,tyjanqB,
,1;PL;INCL,ntyjanqJanI,ntyjanqJanI,ntyjanqHanI,tyjanqHanI,
,1;PL;EXCL,ntyjanqA waG,ntyjanqI waG,ntyjanqH waG,tyjanqH waG,
,2;PL,ntyjanqA wanA,ntyjanqI wanA,ntyjanqH wanJ,tyjanqH wanJ,
,3;PL,ntyjanqA renqA,ntyjanqAIrenqA,ntyjanqH renqJ,tyjanqH renqJ,
,,,,,,
[27],xin2,wrapped herself with cloth or blanket,tv,m-ms-ls,hl-h-ls,hl-ms-ls
,,CPL,PROG,HAB,POT,
,1;SG,xinL,nxinL,nxinL,kxinL,
,2;SG,xinE,nxinE,nxinH,kxinH,
,3;SG,xin2,nxinB,nxinB,kxinB,
,1;PL;INCL,xin2anE,nxinEinE,nxinB,kxinB,
,1;PL;EXCL,xin2 waG,nxinE waG,nxinEL waG,kxinEL waG,
,2;PL,xin2 wanE,nxinE wanE,nxinB wanS,kxinB wanA,
,3;PL,xin2 renqE,nxinE renqA,nxinB renqS,kxinB renqA,
,,,,,,
[28],yno1,stayed behind,iv,h-lh-ms,l-lh-ms,h-lh-ms
,,CPL,PROG,HAB,POT,
,1;SG,ynonH,ntqenH,nnonH,knonH,
,2;SG,ynoG,ntqenG,nnoG,knoG,
,3;SG,ynoE,ntqenG,nnoE,knoE,
,1;PL;INCL,ynoEonE,ntqenJenI,nnoEonE,knoEonE,
,1;PL;EXCL,ynoE waG,ntqeA waG,nnoE waG,knoE waG,
,2;PL,ynoE wanJ,ntqeA wanA,nnoE wanJ,knoE wanJ,
,3;PL,ynoE renqJ,ntqeA renqA,nnoE renqJ,knoE renqJ,
,,,,,,
[29],nlyu1,fell down,iv,h-lh-ms,h-lh-mh,ms-lh-mh
,,CPL,PROG,HAB,POT,
,1;SG,nlyonH,nlyonH,nlyonI,tlyonI,
,2;SG,nlyuG,nlyuG,nlyuG,tlyuG,
,3;SG,nlyuE,nlyuE,nlyuH,tlyuH,
,1;PL;INCL,nlyonEonE,nlyonEonE,nlyonHonI,tlyonHonI,
,1;PL;EXCL,nlyuE waG,nlyuE waG,nlyuH waG,tlyuH waG,
,2;PL,nlyuE wanJ,nlyuE wanJ,nlyuH wanJ,tlyuH wanJ,
,3;PL,nlyuE renqJ,nlyuE renqJ,nlyuH renqJ,tlyuH renqJ,
,,,,,,
[30],kwi1,hung it,iv,h-lh-ms,h-lh-ms,ms-lh-ms
,,CPL,PROG,HAB,POT,
,1;SG,kwenH,ndwenH,ndywenH,tykwenH,
,2;SG,kwiG,ndwiG,ndywiG,tykwiG,
,3;SG,kwiE,ndwiE,ndywiH,tykwiH,
,1;PL;INCL,kwenEenE,ndwenEenE,ndwenHenI,tywenHenI,
,1;PL;EXCL,kwiE waG,ndwiE waG,ndwiH waG,tywiH waG,
,2;PL,kwiE wanJ,ndwiE wanJ,ndwiH wanJ,tywiH wanJ,
,3;PL,kwiE renqJ,ndwiE renqJ,ndwiH renqJ,tywiH renqJ,
,,,,,,
[30],ntqo1,left,iv,h-lh-ms,h-lh-ms,ms-lh-ms
,,CPL,PROG,HAB,POT,
,1;SG,ntqonH,ntqonH,ntyqonH,tyqonH,
,2;SG,ntqoG,ntqoG,ntyqoG,tyqoG,
,3;SG,ntqoE,ntqoE,ntyqoH,tyqoH,
,1;PL;INCL,ntqonEonE,ntqonEonE,ntyqonHonI,tyqonHonI,
,1;PL;EXCL,ntqoE waG,ntqoE waG,ntyqoE waG,tyqoE waG,
,2;PL,ntqoE wanJ,ntqoE wanJ,ntyqoE wanJ,tyqoE wanJ,
,3;PL,ntqoE renqJ,ntqoE renqJ,ntyqoE renqJ,tyqoE renqJ,
,,,,,,
[30],ntyqo1,resembled,tv,h-lh-ms,h-lh-ms,ms-lh-ms
,,CPL,PROG,HAB,POT,
,1;SG,ntyqonH,ntyqonH,ntyqonH,tyqonH,
,2;SG,ntyqoG,ntyqoG,ntyqoG,tyqoG,
,3;SG,ntyqoE,ntyqoE,ntyqoH,tyqoH,
,1;PL;INCL,ntyqonEonE,ntyqonEonE,ntyqonHonI,ntyqonHonI,
,1;PL;EXCL,ntyqoE waG,ntyqoE waG,ntyqoH waG,tyqoH waG,
,2;PL,ntyqoE wanJ,ntyqoE wanJ,ntyqoH wanJ,tyqoH wanJ,
,3;PL,ntyqoE renqJ,ntyqoE renqJ,ntyqoH renqJ,tyqoH renqJ,
,,,,,,
[31],ndlyu1,fell down from a low place,iv,h-lh-ms,mh-lh-mh,ms-lh-ms
,,CPL,PROG,HAB,POT,
,1;SG,ndlyonA,ndlyonI,ndlyonH,tlyonH,
,2;SG,ndlyuG,ndlyuG,ndlyuG,tlyuG,
,3;SG,ndlyuE,ndlyuI,ndlyuH,tlyuH,
,1;PL;INCL,ndlyonEonE,ndlyonHonI,ndlyonHonI,tlyonHonI,
,1;PL;EXCL,ndlyuE waG,ndlyuH waG,ndlyuH waG,tlyuH waG,
,2;PL,ndlyuE wanJ,ndlyuH wanJ,ndlyuH wanJ,tlyuH wanJ,
,3;PL,ndlyuE renqJ,ndlyuH renqJ,ndlyuH renqJ,tlyuH renqJ,
,,,,,,
[32],qne42,did,tv,lh-mh-h,mh-mh-h,ml-lh-ms
,,CPL,PROG,HAB,POT,
,1;SG,qnenE,nqnenE,nqnenH,qnenH,
,2;SG,qneI,nqneI,nqneG,qneG,
,3;SG,qneG,nqneI,nqneJ,qneJ,
,1;PL;INCL,qnenGen,nqnenEenE,nqnenB,qnenB,
,1;PL;EXCL,qneG waG,nqneI waG,nqneJ waG,qneJ waG,
,2;PL,qneG wanA,nqneI wanA,nqneJ wanI,qneJ wanI,
,3;PL,qneG renqA,nqneI renqA,nqneJ renqI,qneJ renqI,
,,,,,,
[33],ndon42,stood,iv,lh-mh-h,lh-mh-ms,ml-lh-ms
,,CPL,PROG,HAB,POT,
,1;SG,ndonE,ndonH,ndyonH,tyonH,
,2;SG,ndonI,ndonI,ndyonG,tyonG,
,3;SG,ndonG,ndonG,ndyonJ,tyonJ,
,1;PL;INCL,ndonG onG,ndonGonG,ndyonB,tyonB,
,1;PL;EXCL,ndonG waG,ndonG waG,ndyonJ waG,tyonJ waG,
,2;PL,ndonG wanA,ndonG wanA,ndyonJ wanI,tyonJ wanI,
,3;PL,ndonG renqA,ndonG renqA,ndyonJ renqI,tyonJ renqI,
,,,,,,
[34],nkya42,came home,iv,lh-mh-h,ml-lh-ms,ml-lh-ms
,,CPL,PROG,HAB,POT,
,1;SG,nkyqanI,jyanH,ndyanH,tyanH,
,2;SG,nkyaI,jyanG,ndyaG,tyanG,
,3;SG,nkyaG,jyanA,ndyaJ,tyanA,
,1;PL;INCL,nkyanGanG,jyanJanI,ndyanB,tyanJanI,
,1;PL;EXCL,nkyaG waG,jyanA waG,ndyaJ waG,tyanA waG,
,2;PL,nkyaG wanA,jyanA wanA,ndyaJ wanI,tyanA wanA,
,3;PL,nkyaG renqA,jyanA renqA,ndyaJ renqI,tyanA renqA,
,,,,,,
[35],sen1,squeezed it,tv,lh-mh-l,h-lh-mh,ms-lh-l
,,CPL,PROG,HAB,POT,
,1;SG,senA,nsenI,nsenA,senA,
,2;SG,senG,nsenG,nsenG,senG,
,3;SG,senE,nsenE,nsenH,senH,
,1;PL;INCL,senGenG,nsenEenE,nsenHenI,senHenI,
,1;PL;EXCL,senG waG,nsenE waG,nsenH waG,senH waG,
,2;PL,senG wanA,nsenE wanJ,nsenH wanJ,senH wanJ,
,3;PL,senG renqA,nsenE renqJ,nsenH renqJ,senH renqJ,
,,,,,,
[36],sen42,spread around,iv,lh-mh-l,mh-mh-h,ml-lh-l
,,CPL,PROG,HAB,POT,
,1;SG,nsenA,nsenI,nsenA,ksenA,
,2;SG,nseI,nsenI,nsenG,ksenG,
,3;SG,senG,nsenI,nsenH,ksenJ,
,1;PL;INCL,senEenE,senEenE,nsenHenI,ksenHenI,
,1;PL;EXCL,senG waG,nsenI waG,nsenH waG,ksenH waG,
,2;PL,senG wanA,nsenI wanA,nsenH wanJ,ksenH wanJ,
,3;PL,senG renqA,nsenI renqA,nsenH renqJ,ksenH renqJ,
,,,,,,
[37],ntsu42,to blossom,iv,lh-mh-l,mh-mh-mh,l-lh-l
,,CPL,PROG,HAB,POT,
,1;SG,ntsonA,ntsonI,ntsonA,ktsonA,
,2;SG,ntsuI,ntsuI,nchuG,ktsuG,
,3;SG,ntsuA,ntsuI,nchuJ,ktsuA,
,1;PL;INCL,ntsonGonG,ntsonEonE,nchonJonI,ktsonJonI,
,1;PL;EXCL,ntsuG waG,ntsuI waG,nchuJ waG,ktsuA waG,
,2;PL,ntsuG wanA,ntsuI wanA,nchuJ wanI,ktsuA wanA,
,3;PL,ntsuG renqA,ntsuI renqA,nchuJ renqI,ktsuA renqI,
,,,,,,
[38],ntsen42,she got scared,tv,lh-mh-l,mh-mh-mh,ml-lh-l
,,CPL,PROG,HAB,POT,
,1;SG,ntsenA,ntsenI,ntsenA,ktsenA,
,2;SG,ntsenI,ntsenI,ntsenG,ktsenG,
,3;SG,ntsenG,ntsenI,ntsenJ,ktsenJ,
,1;PL;INCL,ntsenGenG,ntsenEenE,ntsenB,ktsenB,
,1;PL;EXCL,ntsenG waG,ntsenI waG,ntsenJ waG,ktsenJ waG,
,2;PL,ntsenG wanA,ntsenI wanA,ntsenJ wanI,ktsenJ wanI,
,3;PL,ntsenG renqA,ntsenI renqA,ntsenJ renqI,ktsenJ renqI,
,,,,,,
[38],ston42,plucked,tv,lh-mh-l,mh-mh-mh,ml-lh-l
,,CPL,PROG,HAB,POT,
,1;SG,stonA,nstonI,nstonA,stonA,
,2;SG,stonI,nstonI,nstonG,stonG,
,3;SG,stonG,nstonI,nstonJ,stonJ,
,1;PL;INCL,stonGonG,nstonEonE,nstonB,stonB,
,1;PL;EXCL,stonG waG,nstonI waG,nstonJ waG,stonJ waG,
,2;PL,stonG wanA,nstonI wanA,nstonJ wanI,stonJ wanI,
,3;PL,stonG renqA,nstonI renqA,nstonJ renqI,stonJ renqI,
,,,,,,
[38],xlyu42,turned around,tv,lh-mh-l,mh-mh-mh,ml-lh-l
,,CPL,PROG,HAB,POT,
,1;SG,xlyonG,nxlyonI,nxlyonA,xlyonA,
,2;SG,xlyuI,nxlyuI,nxlyuG,xlyuG,
,3;SG,xlyuG,nxlyuI,nxlyuH,xlyuJ,
,1;PL;INCL,xlyonGonG,nxlyonEonE,nxlyonEonE,xlyonEonE,
,1;PL;EXCL,xlyuG waG,nxlyuI waG,nxlyuH waG,xlyuH waG,
,2;PL,xlyuG wanA,nxlyuI wanA,nxlyuH wanA,xlyuH wanA,
,3;PL,xlyuG renqA,nxlyuI renqA,nxlyuH renqA,xlyuH renqA,
,,,,,,
[38],ywi42,hit someone,,lh-mh-l,mh-mh-mh,ml-lh-l
,,CPL,PROG,HAB,POT,
,1;SG,ywenA,ntjwenI,ntjwenA,kjwenA,
,2;SG,ywiI,ntjwiI,ntjwiG,kjwiG,
,3;SG,ywiG,ntjwiI,ntjwiJ,kjwiJ,
,1;PL;INCL,ywenGanG,ntjwenEenE,ntjwenB,kjwenB,
,1;PL;EXCL,ywiG waG,ntjwiI waG,ntjwiJ waG,kjwiJ waG,
,2;PL,ywiG wanA,ntjwiI wanA,ntjwiJ wanI,kjwiJ wanI,
,3;PL,ywiG renqA,ntjwiI renqA,ntjwiJ renqI,kjwiJ renqI,
,,,,,,
[39],nton42,grew,iv,lh-mh-l,lm-mh-h,hl-ms-ls
,,CPL,PROG,HAB,POT,
,1;SG,ntonA,ntonE,ntyonL,ktonL,
,2;SG,ntonI,ntonI,ntyonH,ktonH,
,3;SG,ntonG,ntonF,ntyonB,ktonB,
,1;PL;INCL,ntonGonG,ntonEonE,ntyonB,ktonB,
,1;PL;EXCL,ntonG waG,ntonI waG,ntyonBS waG,ktonBS waG,
,2;PL,ntonG wanA,ntonI wanA,ntyonB wanS,ktonB wanS,
,3;PL,ntonG renqA,ntonI renqA,ntyonB renqS,ktonB renqS,
,,,,,,
[40],ndiyan32,came away,,mh-mh-h,l-lh-ms,ml-lh-ms
,,CPL,PROG,HAB,POT,
,1;SG,ndiyanH,jyanH,ndiyanH,tyanH,
,2;SG,ndiyanI,jyanG,ndiyanG,tyanG,
,3;SG,ndiyanI,jyanA,ndiyanJ,tyanJ,
,1;PL;INCL,ndiyanEanE,jyanJanI,ndiyanB,tyanB,
,1;PL;EXCL,ndiyanI waG,jyanA waG,ndiyanB waG,tyanB waG,
,2;PL,ndiyanI wanA,jyanA wanA,ndiyanB wanA,tyanB wanA,
,3;PL,ndiyanI renqA,jyanA renqA,ndiyanB reqA,tyanB reqA,
,,,,,,
[41],ntiqi1,moaned,,h-ls-l,h-ls-mh,ms-ls-l
,,CPL,PROG,HAB,POT,
,1;SG,ntqenA,ntqenI,ntqenA,tqenA,
,2;SG,tqiG,ntqiG,ntqiG,tqiG,
,3;SG,ntqiE,ntqiE,ntqiH,tqiH,
,1;PL;INCL,ntqenEenE,ntqenEenE,ntqenHenE,tqenHenE,
,1;PL;EXCL,ntqiE waG,ntqiE waG,ntqiH waG,tqiH waG,
,2;PL,ntqiE wanJ,ntqiE wanJ,ntqiH wanJ,tqiH wanJ,
,3;PL,ntqiE renqJ,ntqiE renqJ,ntqiH renqJ,tqiH renqJ,
,,,,,,
[41],qne1,got whipped,,h-ls-l,h-ls-mh,ms-ls-l
,,CPL,PROG,HAB,POT,
,1;SG,qnenA,nqnenI,nqnenA,kqnenA,
,2;SG,qneG,nqneG,nqneG,kqneG,
,3;SG,qneE,nqneE,nqneH,kqneH,
,1;PL;INCL,qneEenE,nqneEenE,nqneHenI,kqneHenI,
,1;PL;EXCL,qneE waG,nqneE waG,nqneH waG,kqneH waG,
,2;PL,qneE wanJ,nqneE wanJ,nqneH wanJ,kqneH wanJ,
,3;PL,qneE renqJ,nqneE renqJ,nqneH renqJ,kqneH renqJ,
,,,,,,
[41],qnyi1,whipped him,tv,h-ls-l,h-ls-mh,ms-ls-l
,,CPL,PROG,HAB,POT,
,1;SG,qninA,nqninI,nqninA,kqninA,
,2;SG,qniG,nqniG,nqniG,knyiG,
,3;SG,qnyiE,nqniE,nqniH,kqniH,
,1;PL;INCL,qnyinEinE,nqnyinEinE,nqnyinHinI,qnyinHinI,
,1;PL;EXCL,qnyiE waG,nqnyiE waG,nqnyiH waG,qnyiH waG,
,2;PL,qnyiE wanJ,nqnyiE wanJ,nqnyiH wanJ,qnyiH wanJ,
,3;PL,qnyiE renqJ,nqnyiE renqJ,nqnyiH renqJ,qnyiH renqJ,
,,,,,,
[42],ndlyu42,turned around,iv,lh-mh-lh,mh-mh-mh,lh-lh-lh
,,CPL,PROG,HAB,POT,
,1;SG,ndlyonG,ndlyonI,ndlyonG,tlyonG,
,2;SG,ndlyuI,ndlyuI,ndlyuG,tlyuG,
,3;SG,ndlyuG,ndlyuI,ndlyuG,tlyuG,
,1;PL;INCL,ndlyonGonG,ndlyonEonE,ndlyonGonG,tlyonGonG,
,1;PL;EXCL,ndlyuG waG,ndlyuI waG,ndlyuG waG,tlyuG waG,
,2;PL,ndlyuG wanA,ndlyuI wanA,ndlyuG wanI,tlyuG wanA,
,3;PL,ndlyuG renqA,ndlyuI renqA,ndlyuG renqI,tlyuG renqA,
,,,,,,
[43],nchu1,"tore up, hit, popped up",tv,lh-mh-lh,mh-mh-mh,ml-lh-l
,,CPL,PROG,HAB,POT,
,1;SG,nchonA,nchonI,nchonA,kchonA,
,2;SG,nchuG,nchuG,nchuG,kchuG,
,3;SG,nchuE,nchuI,nchuJ,kchuJ,
,1;PL;INCL,nchonEanE,nchonEanE,nchonB,kchonJanI,
,1;PL;EXCL,nchuE waG,nchuI waG,nchuJ waG,kchuJ waG,
,2;PL,nchuE wanJ,nchuI wanA,nchuJ wanA,kchuJ wanA,
,3;PL,nchuE renqA,nchuI renqA,nchuJ renqA,kchuJ renqA,
,,,,,,
[44],jlya42,farted,,lh-mh-lh,mh-mh-mh,ml-lh-ml
,,CPL,PROG,HAB,POT,
,1;SG,jlyanG,ntjlyanI,ntjlyanJ,jlyanJ,
,2;SG,jlyaI,ntjlyaI,ntjlyaG,jlyaG,
,3;SG,jlyaG,ntjlyaI,ntjlyaJ,jlyaJ,
,1;PL;INCL,jlyanB,ntjlyanEanE,ntjlyanB,jlyanB,
,1;PL;EXCL,jlyaG waG,ntjlyaI waG,ntjlyaJ waG,jlyaJ waG,
,2;PL,jlyaG wanI,ntjlyaI wanI,ntjlyaJ wanI,jlyaJ wanI,
,3;PL,jlyaG renqI,ntjlyaI renqI,ntjlyaJ renqI,jlyaJ renqI,
,,,,,,
[44],nchaq42,dampened,tv,lh-mh-lh,mh-mh-mh,ml-lh-ml
,,CPL,PROG,HAB,POT,
,1;SG,nchanqA,nchanqI,nchanqA,kchanqA,
,2;SG,nchaqI,nchaqI,nchaqG,kchaqG,
,3;SG,nchaqG,nchaqI,nchaqJ,kchaqJ,
,1;PL;INCL,nchanqGanG,nchanqEanE,nchanqB,kchanqB,
,1;PL;EXCL,nchaqG waG,nchaqI waG,nchaqJ waG,kchaqJ waG,
,2;PL,nchaqG wanA,nchaqI wanA,nchaqJ wanI,kchaqJ wanI,
,3;PL,nchaqG renqA,nchaqI renqA,nchaqJ renqI,chaqJ renqI,
,,,,,,
[44],nduq42,coughed,iv,lh-mh-lh,mh-mh-mh,ml-lh-ml
,,CPL,PROG,HAB,POT,
,1;SG,ndonqG,ndonqI,ndyonqJ,ntyonqJ,
,2;SG,nduqI,nduqI,ndyuqG,tyuqG,
,3;SG,nduqG,nduqI,ndyuqJ,ntyuqJ,
,1;PL;INCL,ndonqGonG,ndonqEonE,ndyonqB,ntyonqB,
,1;PL;EXCL,nduqG waG,nduqI waG,ndyuqJ waG,ntyuqJ waG,
,2;PL,nduqG wanA,nduqI wanA,ndyuqJ wanI,ntyuqJ wanI,
,3;PL,nduqG renqA,nduqI renqA,ndyuqJ renqI,ntyuqJ renqI,
,,,,,,
[44],nge42,endured,tv,lh-mh-lh,mh-mh-mh,ml-lh-ml
,,CPL,PROG,HAB,POT,
,1;SG,nginG,ndyinI,ndyinJ,kiinJ,
,2;SG,ngeI,ndyeI,ndyeG,keG,
,3;SG,ngeG,ndyeI,ndyeJ,keJ,
,1;PL;INCL,ngenGenG,ndyinEinE,ndyinB,kinB,
,1;PL;EXCL,ngenG waG,ndyeI waG,ndyeJ waG,keJ waG,
,2;PL,ngenG wanA,ndyeI wanA,ndyeJ wanI,keJ wanI,
,3;PL,ngenG renqA,ndyeI renqA,ndyeJ renqI,keJ renqI,
,,,,,,
[44],nkqwa42,got cold,iv,lh-mh-lh,mh-mh-mh,ml-lh-ml
,,CPL,PROG,HAB,POT,
,1;SG,nkqwanG,ntqwanI,ntyqwanJ,kqwanJ,
,2;SG,nkqwaI,ntqwaI,ntyqwaG,kqwaG,
,3;SG,nkqwaG,ntqwaI,ntyqwaJ,kqwaJ,
,1;PL;INCL,nkqwaGanG,ntqwanEanE,ntyqwaB,kqwanB,
,1;PL;EXCL,nkwaG waG,ntqwaI waG,ntyqwaJ waG,kqwaJ waG,
,2;PL,nkwaG wanA,ntqwaI wanA,ntyqwaJ wanI,kqwaJ wanI,
,3;PL,nkwaG renqA,ntqwaI renqA,ntyqwaJ renqI,kqwaJ renqI,
,,,,,,
[44],qya42,came down,iv,lh-mh-lh,mh-mh-mh,ml-lh-ml
,,CPL,PROG,HAB,POT,
,1;SG,qyanG,ntqyanI,ntqyanJ,kqyanJ,
,2;SG,qyaI,ntqyaI,ntqyaG,kqyaG,
,3;SG,qyaG,ntqyaI,ntqyaJ,kqyaJ,
,1;PL;INCL,qyanGanG,ntqyanEanC,ntqyanB,kqyanB,
,1;PL;EXCL,qyaG waG,ntqyaC waG,ntqyaJ waG,kqyaJ waG,
,2;PL,qyaG wanA,ntqyaI wanA,ntqyaJ wanI,kqyaJ wanI,
,3;PL,qyaG renqA,ntqyaI renqA,ntqyaJ renqI,kqyaJ renqI,
,,,,,,
[45],jlyo32,died,,mh-mh-mh,mh-mh-mh,mh-mh-mh
,,CPL,PROG,HAB,POT,
,1;SG,jlyonA,njlyonI,njlyonA,jlyonA,
,2;SG,jlyoI,njlyoI,njlyoG,jlyoI,
,3;SG,jlyoG,njlyoI,njlyoI,jlyoI,
,1;PL;INCL,jlyonGonG,njlyonEonI,njlyonEonE,jlyonEonE,
,1;PL;EXCL,jlyoG waG,njlyoI waG,njlyoJ waG,jlyoJ waG,
,2;PL,jlyoG  wanA,njlyoI wanA,njlyoJ wanI,jlyoJ wanI,
,3;PL,jlyoG renqA,njlyoI renqA,njlyoJ renqI,jlyoJ renqI,
,,,,,,
[45],ykwaq4,drip,,mh-mh-mh,mh-mh-mh,mh-mh-mh
,,CPL,PROG,HAB,POT,
,1;SG,ykwanqA,ntykwanqI,ntykwanqA,tykwanqA,
,2;SG,ykwaqG,ntykwaqG,ntykwaqG,tykwaqG,
,3;SG,ykwaqA,ntykwaqI,ntykwaqA,tykwaqA,
,1;PL;INCL,ykwanqJanI,ntykwanqEanE,ntykwanqJanI,tykwanqJanI,
,1;PL;EXCL,ykwaqA waG,ntykwaqI waG,ntykwaqA waG,tykwaqA waG,
,2;PL,ykwaqA wanA,ntykwaqI wanA,ntykwaqA wanA,tykwaqA wanA,
,3;PL,ykwaqA renqA,ntykwaqI renqA,ntykwaqA renqA,tykwaqA renqA,
,,,,,,
[46],nkjwi42,died,,lh-mh-ls,mh-lh-mh,l-lh-l
,,CPL,PROG,HAB,POT,
,1;SG,nkjwenL,ntyjinI,ntyjinA,kjanA,
,2;SG,nkjwiI,ntyjiG,ntyjiG,kjaG,
,3;SG,nkjwiG,ntyjiI,ntyjiA,kjaA,
,1;PL;INCL,nkjwenGenG,ntyjinEinE,ntyjinJinI,kjanJinI,
,1;PL;EXCL,nkjwiG waG,ntyjiI waG,ntyjiA waG,kjaA waG,
,2;PL,nkjwiG wanA,ntyjiI wanA,ntyjiA wanA,kjaA wanA,
,3;PL,nkjwiG renqA,ntyjiI renqA,ntyjiA renqA,kjaA renqA,
,,,,,,
[47],xin42,to get poison e.g. poison oak,tv,lh-mh-ls,mh-mh-h,lh-mh-lh
,,CPL,PROG,HAB,POT,
,1;SG,xinL,nxinE,nxinA,xinA,
,2;SG,xinI,nxinI,nxinG,kxinH,
,3;SG,xinG,nxinI,nxinJ,xinG,
,1;PL;INCL,xinGanG,nxinEinE,nxinB,xinB,
,1;PL;EXCL,xinG waI,nxinI waG,nxinBS waI,xinBS waI,
,2;PL,xinG wanA,nxinI wanA,nxinB wanS,xinB wanS,
,3;PL,xinG renqA,nxinI renqA,nxinB renqS,xinB renqS,
,,,,,,
[48],nxin42,reproduced,tv,lh-mh-ls,mh-mh-mh,hl-lh-l
,,CPL,PROG,HAB,POT,
,1;SG,nxinL,nxinI,nxinA,kxinA,
,2;SG,nxinI,nxinI,nxinH,kxinH,
,3;SG,nxinG,nxinI,nxinB,kxinB,
,1;PL;INCL,nxinGanG,nxinEinE,nxinB,kxinB,
,1;PL;EXCL,nxinG waG,nxinE waG,nxinBS waG ,kxinBS waG,
,2;PL,nxinG wanA,nxinE wanJ,nxinB wanS,kxinB wanS,
,3;PL,nxinG renqA,nxinE renqJ,nxinB renqS,kxinB renqS,
,,,,,,
[49],ngya42,went back home,iv,lh-mh-mh,ml-lh-ml,ml-lh-ml
,,CPL,PROG,HAB,POT,
,1;SG,nkyqanI,nkyqanJ,nkyqanJ,kyqanJ,
,2;SG,ngyaI,nkyaG,nkyaG,kyaG,
,3;SG,ngyaG,nkyaJ,nkyaJ,kyaJ,
,1;PL;INCL,ngyanGan,ngyanB,ngyanB,kyanB,
,1;PL;EXCL,ngyaG waG,ngyaJ waG,ngyaJ waG,kyaJ waG,
,2;PL,ngyaG wanA,ngyaJ wanI,ngyaJ wanI,kyaJ wanI,
,3;PL,ngyaG renqI,ngyaJ renqI,ngyaJ renqI,kyaJ renqI,
,,,,,,
[50],ya42,went away,,lh-mh-mh,ml-lh-ml,ml-lh-ms
,,CPL,PROG,HAB,POT,
,1;SG,yqanI,nkyqanJ,ntyqanH,sqanJ,
,2;SG,yaI,nkyaG,ntyqaG,tsaG,
,3;SG,yaG,nkyaA,ntyqanA,tsaJ,
,1;PL;INCL,yanGanG,nkyanJanI,ntyqanJanI,tsanB,
,1;PL;EXCL,yaG waG,nkyaA waG,ntyqanA waG,tsaJ waG,
,2;PL,yaG wanA,nkyaA wanA,ntyaA wanA,tsaJ wanI,
,3;PL,yaG renqA,nkyaA renqA,ntyaA renqA,tsaJ renqI,
,,,,,,
[51],nden42,carried,tv,lh-mh-ml,mh-mh-h,ml-lh-ml
,,CPL,PROG,HAB,POT,
,1;SG,ndenA,ndenI,ndenA,tenA,
,2;SG,ndenI,ndenI,ndenG,tenG,
,3;SG,ndenG,ndenI,ndenJ,tenJ,
,1;PL;INCL,ndenGenG,ndenEenE,ndenB,tenB,
,1;PL;EXCL,ndenG waG,ndenI waG,ndenJ waG,tenJ waG,
,2;PL,ndenG wanA,ndenI wanA,ndenJ wanI,tenJ wanI,
,3;PL,ndenG renqA,ndenI renqA,ndenJ renqI,tenJ renqI,
,,,,,,
[52],ntykonq42,shrank,iv,lh-mh-ml,mh-mh-h,hl-lh-ml
,,CPL,PROG,HAB,POT,
,1;SG,ntykonqG,ntykonqE,ntykonqJ,tykonqJ,
,2;SG,ntykonqI,ntykonqI,ntykonqG,tykonqG,
,3;SG,ntykonqG,ntykonqI,ntykonqB,tykonqB,
,1;PL;INCL,ntykonqGonG,ntykonqEonE,ntykonqB,tykonqB,
,1;PL;EXCL,ntykonqG wa2,ntykonqI waG,ntykonqBS waG,tykonqBS waG,
,2;PL,ntykonqG wanA,ntykonqI waA,ntykonqB waS,tykonqB waS,
,3;PL,ntykonqG renqA,ntykonqI renqA,ntykonqB renqS,tykonqB renqS,
,,,,,,
[53],qe42,licked,tv,lh-mh-ml,mh-mh-mh,ml-lh-ml
,,CPL,PROG,HAB,POT,
,1;SG,qenJ,ntqenE,ntyqenJ,qenJ,
,2;SG,qeI,ntqeI,ntyqeG,qeG,
,3;SG,qeG,ntqeI,ntyqeJ,qeJ,
,1;PL;INCL,qeGenG,ntqenEenE,ntyqeJenI,qeJenI,
,1;PL;EXCL,qeG waG,ntqeI waG,ntyqeJ waG,qeJ waG,
,2;PL,qeG wanA,ntqeI wanA,ntyqeJ wanI,qeJ wanI,
,3;PL,qeG renqA,ntqeI renqA,ntyqeJ renqI,qeJ renqI,
,,,,,,
[53],nkonq42,pecked at,tv,lh-mh-ml,mh-mh-mh,ml-lh-ml
,,CPL,PROG,HAB,POT,
,1;SG,nkonqJ,ntkonqI,ntkonqJ,konqJ,
,2;SG,nkonqI,ntkonqI,ntkonqG,konqG,
,3;SG,nkonqG,ntkonqI,ntkonqJ,konqJ,
,1;PL;INCL,nkonqGonG,ntkonqEonE,ntkonqB,konqB,
,1;PL;EXCL,nkonqG waG,ntkonqI waG,ntkonqB waG,konqB waG,
,2;PL,nkonqG wanA,ntkonqI wanA,ntkonqB wanI,konqB wanI,
,3;PL,nkonqG renqA,ntkonqI renqA,ntkonqB renqI,konqB renqI,
,,,,,,
[53],yqan42,washed,tv,lh-mh-ml,mh-mh-mh,ml-lh-ml
,,CPL,PROG,HAB,POT,
,1;SG,yqanJ,ntyqanI,ntyqanJ,yqanJ,
,2;SG,yqanI,ntyqanI,ntyqanG,yqanG,
,3;SG,yqanG,ntyqanI,ntyqanJ,yqanJ,
,1;PL;INCL,yqanGanG,ntyqanEanE,ntyqanB,yqanB,
,1;PL;EXCL,yqanG waG,ntyqanI waG,ntyqanJ waG,yqanJ waG,
,2;PL,yqanG wanA,ntyqanI wanA,ntyqanJ wanA,yqanJ wanA,
,3;PL,yqanG renqA,ntyqanI renqA,ntyqanJ renqA,yqanJ renqA,
,,,,,,
[54],lo24,took out,tv,ml-lh-ls,h-mh-ls,ml-lh-ls
,,CPL,PROG,HAB,POT,
,1;SG,lonL,nlonL,nlonL,klonL,
,2;SG,loG,nloI,nloG,kloG,
,3;SG,loJ,nloE,nloJ,kloJ,
,1;PL;INCL,lonB,nlonB,nlonB,klonB,
,1;PL;EXCL,loJ waG,nloJ waG,nloJ waG,kloJ waG,
,2;PL,loJ wanI,nloJ wanI,nloJ wanI,kloJ wanI,
,3;PL,loJ renqI,nloJ renqI,nloJ renqI,kloJ renqI,
,,,,,,
[55],nkqwa1,drowned,tv,h-mh-l,h-lh-mh,ms-lh-l
,,CPL,PROG,HAB,POT,
,1;SG,nkqwanA,nkqwanI,ntyqwanJ,tyqwanJ,
,2;SG,nkqwaI,nkqwaI,ntyqwaG,tyqwaG,
,3;SG,nkqwaE,nkqwaE,ntyqwaJ,tyqwaJ,
,1;PL;INCL,nkqwanEanE,nkqwanEanE,ntyqwanJanI,tyqwanJanI,
,1;PL;EXCL,nkqwaE waG,nkqwaE waG,ntyqwaJ waG,tyqwaJ waG,
,2;PL,nkqwaE wanJ,nkqwaE wanJ,ntyqwaJ wanJ,tyqwaJ wanJ,
,3;PL,nkqwaE renqJ,nkqwaE renqJ,ntyqwaJ renqJ,tyqwaJ renqJ,
,,,,,,
[56],yna42,heard,(intr/tr),lh-mh-ml|l,mh-mh-mh,ml-lh-l
,,CPL,PROG,HAB,POT,
,1;SG,ynanA,nnanI,nanA,knanJ,
,2;SG,ynaI,nnaI,naG,knaG,
,3;SG,ynaG,nnaI,naJ,knaJ,
,1;PL;INCL,ynanGanG,nanEanE,nanB,knanB,
,1;PL;EXCL,ynaG waG,naI waG,naJ waG,knaJ waG,
,2;PL,ynaG wanA,naI wanA,naJ wanI,knaJ wanI,
,3;PL,ynaG renqA,naI renqA,naJ renqI,knaJ renqI,
,,,,,,
[57],sti4,lay on the ground,iv,lh-mh-ms,lh-mh-ms,l-lh-ms
,,CPL,PROG,HAB,POT,
,1;SG,stenH,nsonH,nstyinH,styinH,
,2;SG,stiG,nsuI,nstyiG,xtyiG,
,3;SG,stiA,nsuG,nstyiA,styiA,
,1;PL;INCL,stenJenI,nsonGonG,nstyinJenI,styinJenI,
,1;PL;EXCL,stiA waG,nsuG waG,nstyiA waG,styiA waG,
,2;PL,stiA wanA,nsuG wanA,nstyiA wanA,styiA wanA,
,3;PL,stiA renqA,nsuG renqA,nstyiA renqA,styiA renqA,
,,,,,,
[58],ntsa24,to divvy up,tv,ml-lh-ml|l,h-lh|mh-mh,ml-lh-ml
,,CPL,PROG,HAB,POT,
,1;SG,ntsanJ,ntsanE,ntsanJ,ktsanJ,
,2;SG,ntsaI,ntsanI,ntsaG,ktsaG,
,3;SG,ntsaG,ntsaE,ntsaJ,ktsaJ,
,1;PL;INCL,ntsanGanG,ntsanEanE,ntsanB,ktsanB,
,1;PL;EXCL,nstsaA waG,ntsaE waG,ntsaJ waG,ktsaJ waG,
,2;PL,ntsaA wanI,ntsaE wanI,ntsaJ wanI,ktsaJ wanI,
,3;PL,ntsaA renqI,ntsaE renqI,ntsaJ renqI,ktsaJ renqI,
,,,,,,
[59],ne42,it sounded,iv,lh-ms-l,mh-mh-h,hl-lh-hl
,,CPL,PROG,HAB,POT,
,1;SG,nenA,nnenE,nnenB,knenB,
,2;SG,neI,nneI,nneG,kneG,
,3;SG,neG,nneI,nneB,kneB,
,1;PL;INCL,neGenG,nneEenE,nneB,kneB,
,1;PL;EXCL,neG qneI waG,nneI qneI waG,nneB qneS waG,kneB qneS waG,
,2;PL,neG qneI wanA,nneI qneI wanA,nneB qneS wanI,kneB qneS wanI,
,3;PL,neAI qneIrenqA,nnI qneI renqA,nnB qneS renqI,knB qneS renqI,
,,,,,,
[59],ytsen42,got frightened,iv,lh-ms-l,mh-mh-h,hl-lh-hl
,,CPL,PROG,HAB,POT,
,1;SG,ytsenA,ntsenI,ntsenA,ktsenA,
,2;SG,ytsenI,ntsenI,ntsenL,ktsenL,
,3;SG,ytsenG,ntsenI,ntsenB,ktsenB,
,1;PL;INCL,neGenG,nneEenE,nneB,kneB,
,1;PL;EXCL,neG qneI waG,nneI qneI waG,nneB qneS waG,kneB qneS waG,
,2;PL,neG qneI wanA,nneI qneI wanA,nneB qneS wanI,kneB qneS wanI,
,3;PL,neAI qneIrenqA,nnI qneI renqA,nnB qneS renqI,knB qneS renqI,
,,,,,,
[60],stan14,peel off,tv,hl-h-ls,hs-h-ls,hl-ms-ls
,,CPL,PROG,HAB,POT,
,1;SG,stanL,nstanL,nstanL,stanL,
,2;SG,stanH,nstanE,nstanH,stanH,
,3;SG,stanB,nstanC,nstanB,stanB,
,1;PL;INCL,stanB,nstanCanE,nstanB,stanB,
,1;PL;EXCL,stanBS waG,nstanC waG,nstanBS waG,stanBS waG,
,2;PL,stanB wanS,nstanC wanE,nstanB wanS,stanB wanS,
,3;PL,stanB renqS,nstanC renqE,nstanB renqS,stanB renqS,
,,,,,,
[61],ytsaq3,told,tv,lm-h-h,lm-h-h,hl-ms-ms
,,CPL,PROG,HAB,POT,
,1;SG,ytsanqE,ntsanqE,ntsanqH,ktsanqH,
,2;SG,ytsaqE,ntsaqE,ntsaqH,ktsaqH,
,3;SG,ytsaqF,ntsaqF,ntsaqB,ktsaqB,
,1;PL;INCL,ytsanqCanE,ntsanqCanE,ntsanqB,ktsanqB,
,1;PL;EXCL,ytsaqF waG,ntsaqF waG,ntsaqBS waG,ktsaqBS waG,
,2;PL,ytsaqF wanJ,ntsaqF wanJ,ntsaqB wanJ,ktsaqB wanJ,
,3;PL,ytsaqF renqJ,ntsaqF renqJ,ntsaqB renqJ,ktsaqB renqJ,
,,,,,,
[62],yjaq3,slept,iv,lm-h-h,hl-ms-ms,hl-ms-ms
,,CPL,PROG,HAB,POT,
,1;SG,yjanqE,ntjanqH,ntyjanqH,kjanqH,
,2;SG,yjaqE,ntjaqH,ntyjaqH,kjaqH,
,3;SG,yjaqF,ntjaqB,ntyjaqB,kjaqB,
,1;PL;INCL,yjanqCanE,ntjanqB,ntyjanqB,kjanqB,
,1;PL;EXCL,yjaqF waC,ntjaqBS waC,ntyjaqBS waC,kjaqBS waC,
,2;PL,yjaqF wanJ,ntjaqB wanS,ntyjaqB wanS,kjaqB wanS,
,3;PL,yjaqF renqJ,ntjaqB renqS,ntyjaqB renqS,kjaqB renqS,
,,,,,,
[63],sqwe24,scraped,tv,ml-mh-hl,h-mh-hl,ml-lh-hl
,,CPL,PROG,HAB,POT,
,1;SG,swenqJ,nswenqJ,nswenqJ,swenqJ,
,2;SG,sweqI,nsweqI,nsweqG,sweqG,
,3;SG,sweqJ,nsweqE,nsweqJ,sweqJ,
,1;PL;INCL,swenqB,nswenqEenE,nswenqB,swenqB,
,1;PL;EXCL,sweqJ waG,nsweqE waG,nsweqJ waG,sweqJ waG,
,2;PL,sweqJ wanI,nsweqE wanI,nsweqJ wanI,sweqJ wanI,
,3;PL,sweqJ renqI,nsweqE renqI,nsweqJ renqI,sweqJ renqI,
,,,,,,
[64],ndya3,returned,tv,lm-h-lm,lm-h-lm,lm-h-lm
,,CPL,PROG,HAB,POT,
,1;SG,ndyanF,ndyanF,ndyanF,tyanF,
,2;SG,ndyanE,ndyanE,ndyaE,tyanE,
,3;SG,ndyaF,ndyaF,ndyaF,tyaF,
,1;PL;INCL,ndyanCanE,ndyanCanE,ndyanCanE,tyanCanE,
,1;PL;EXCL,ndyaF waG,ndyaF wa4,ndyaF waG,tyaF waG,
,2;PL,ndyaF wanJ,ndyaF wanJ,ndyaF wanJ,tyaF wanJ,
,3;PL,ndyaF renqJ,ndyaF renqJ,ndyaF renqJ,tyaF renqJ,
,,,,,,
[64],ngyla3,melted,iv,lm-h-lm,lm-h-lm,lm-h-lm
,,CPL,PROG,HAB,POT,
,1;SG,ngylanF,ndylanF,ngylanF,ngylanF,
,2;SG,ngylaE,ndylaE,ngylaE,ngylaE,
,3;SG,ngylaF,ndylaF,ngylaF,ngylaF,
,1;PL;INCL,ngylanCanE,ndylanCanE,ngylanCanE,ngylanCanE,
,1;PL;EXCL,ngylaF waG,ndylaF waG,ngylaF waG,ngylaF waG,
,2;PL,ngylaF wanJ,ndylaF wanJ,ngylaF wanJ,ngylaF wanJ,
,3;PL,ngylaF renqJ,ndylaF renqJ,ngylaF renqJ,ngylaF renqJ,
,,,,,,
[64],xla3,melted,tv,lm-h-lm,lm-h-lm,lm-h-lm
,,CPL,PROG,HAB,POT,
,1;SG,xlanF,nxlanF,nxlanF,xlanF,
,2;SG,xlaE,nxlaE,nxlaE,xlaE,
,3;SG,xlaF,nxlaF,nxlaF,xlaF,
,1;PL;INCL,xlanCanE,xlanCanE,nxlanCanE,xlanCanE,
,1;PL;EXCL,xlaF waG,xlaF waG,nxlaF waG,xlaF waG,
,2;PL,xlaF wanJ,xlaF wanJ,nxlaF wanJ,xlaF wanJ,
,3;PL,xlaF renqJ,xlaF renqJ,nxlaF renqJ,xlaF renqJ,
,,,,,,
[65],nsuq3,was aging,iv,lm-h-lm,lm-h-lm,hl-ms-ls
,,CPL,PROG,HAB,POT,
,1;SG,nsonqF,nsonqF,nsonqL,ksonqL,
,2;SG,nsuqE,nsuqE,nsuqH,ksuqH,
,3;SG,nsuqF,nsuqF,nsuqB,ksuqB,
,1;PL;INCL,nsonq2onE,nsonq2onE,nsonqB,ksonqB,
,1;PL;EXCL,nsuqF waG,nsuqF waG,nsuqBS waG,ksuqBS waG,
,2;PL,nsuqF wanJ,nsuqF wanJ,nsuqB wanJ,ksuqB wanS,
,3;PL,nsuqF renqJ,nsuqF renqJ,nsuqB renqJ,ksuqB renqS,
,,,,,,
[65],ntsiq3,buried,(tr/intr),lm-h-lm,lm-h-lm,hl-ms-ls
,,CPL,PROG,HAB,POT,
,1;SG,ntsenqL,ntsenqF,ntsenqL,ktsenqL,
,2;SG,ntsiqE,ntsiqE,ntsiqH,ktsiqH,
,3;SG,ntsiqF,ntsiqF,ntsiqB,ktsiqB,
,1;PL;INCL,ntsenqCenE,ntsenqCenE,ntsenqB,ktsenqB,
,1;PL;EXCL,ntsiqF waG,ntsiqF waG,ntsiqBS waG,ktsiqBS waG,
,2;PL,ntsiqF wanJ,ntsiqF wanJ,ntsiqB wanJ,ktsiqB wanJ,
,3;PL,ntsiqF renqJ,ntsiqF renqJ,ntsiqB renqJ,ktsiqB renqJ,
,,,,,,
[66],slya24,agreed,tv,ml-mh-ml,mh-mh-h,ml-mh-ml
,,CPL,PROG,HAB,POT,
,1;SG,slyanJ,nslyanE,nxlyanJ,xlyanJ,
,2;SG,slyaI,nslyaI,nxlyaG,xlyaG,
,3;SG,slyaJ,nslyaI,nxlyaJ,xlyaJ,
,1;PL;INCL,slyanB,nslyanB,nxlyanB,xlyanB,
,1;PL;EXCL,slyaJ waG,nslyaBS waG,nxlyaBS waG,xlyaBS waG,
,2;PL,slyaJ wanI,nslyaJ wanI,nxlyaJ wanI,xlyaJ wanI,
,3;PL,slyaJ renqI,nslyaJ renqI,nxlyaJ renqI,xlyaJ renqI,
,,,,,,
[67],qa24,broke,tv,ml-mh-ml,h-mh-h,ml-lh-ml
,,CPL,PROG,HAB,POT,
,1;SG,qanJ,ntqanE,ntqanJ,qanJ,
,2;SG,qaI,ntqaI,ntqaG,qaG,
,3;SG,qaJ,ntqaE,ntqaJ,qaJ,
,1;PL;INCL,qanB,ntqanK,ntqanB,qanB,
,1;PL;EXCL,qaJ waG,ntqaE waG,ntqaJ waG,qaJ waG,
,2;PL,qaJ wanI,ntqaE wanI,ntqaJ wanI,qaJ wanI,
,3;PL,qaJ renqI,ntqaE renqI,ntqaJ renqI,qaJ renqI,
,,,,,,
[67],xka24,yanked off,tv,ml-mh-ml,h-mh-h,ml-lh-ml
,,CPL,PROG,HAB,POT,
,1;SG,xkanJ,nxkanE,nxkanJ,xkanJ,
,2;SG,xkaI,nxkaI,nxkaG,xkaG,
,3;SG,xkaJ,nxkaE,nxkaJ,xkaJ,
,1;PL;INCL,xkanB,nxkanK,nxkanB,xkanB,
,1;PL;EXCL,xkaJ waG,nxkaE waG,nxkaJ waG,xkaJ waG,
,2;PL,xkaJ wanI,nxkaE wanI,nxkaJ wanI,xkaJ wanI,
,3;PL,xkaJ renqI,nxkaE renqI,nxkaJ renqI,xkaJ renqI,
,,,,,,
[68],ndywiq3,turned it off,iv,lm-h-ls,m-h-m,hl-ms-ls
,,CPL,PROG,HAB,POT,
,1;SG,ndywenqL,ndywenqL,ndywenqL,tywenqL,
,2;SG,ndywiqE,ndywiqE,ndywiqH,tywiqH,
,3;SG,ndywiqF,ndywiqC,ndywiqB,tywiqB,
,1;PL;INCL,ndywenqCenE,ndywenqCenE,ndywenqB,tywenqB,
,1;PL;EXCL,ndywiqF waG,ndywiqC waG,ndywiqBS waG,tywiqBS waG,
,2;PL,ndywiqF wanE,ndywiqC wanE,ndywiqB wanS,tywiqB wanS,
,3;PL,ndywiqF renqE,ndywiqC renqE,ndywiqB renqS,tywiqB renqS,
,,,,,,
[69],skanq3,tied up,tv,lm-h-ls,lm-h-h,hl-ms-ls
,,CPL,PROG,HAB,POT,
,1;SG,skanqL,ntskanqL,ntskanqL,skanqL,
,2;SG,skanqE,ntskanqE,ntskanqH,skanqH,
,3;SG,skanqF,ntskanqF,ntskanqB,skanqB,
,1;PL;INCL,skanqCanE,ntskanqCanE,ntskanqB,skanqB,
,1;PL;EXCL,skanqF waG,ntskanqF waG,ntskanqBS waG,skanqBS waG,
,2;PL,skanqF wanJ,ntskanqF wanB,ntskanqB wanS,skanqB wanS,
,3;PL,skanqF renqJ,ntskanqF renqE,ntskanqB renqS,skanqB renqS,
,,,,,,
,,,,,,
[70],nkwa3,strained,tv,lm-h-ls,lm-h-ls,lm-h-ls
,,CPL,PROG,HAB,POT,
,1;SG,nkwanL,ntkwanL,ntkwanL,kwanL,
,2;SG,nkwaE,ntkwaE,ntkwaE,kwaE,
,3;SG,nkwaF,ntkwaF,ntykwaF,kwaF,
,1;PL;INCL,nkwanB,ntkwanCenE,ntykwanCenE,kwanCenE,
,1;PL;EXCL,nkwaBS waG,ntkwaF waG,ntykwaF waG,kwaF waG,
,2;PL,nkwaB wanS,ntkwaF wanJ,ntykwaF wanJ,kwaF wanJ,
,3;PL,nkwaB renqS,ntkwaF renqJ,ntykwaF renqJ,kwaF renqJ,
,,,,,,
[71],kwa24,counted,tv,lm-h-ls,lm-h-ls,hl-ms-ls
,,CPL,PROG,HAB,POT,
,1;SG,kwanL,ntkwanL,ntkwanL,kwanL,
,2;SG,kwaE,ntkwaE,ntkwaH,kwaH,
,3;SG,kwaJ,ntkwaF,ntkwaB,kwaB,
,1;PL;INCL,kwanB,ntkwanCanE,ntkwanB,kwanB,
,1;PL;EXCL,kwaJ waG,ntkwaF waG,nkwaBS waG,kwaBS waG,
,2;PL,kwaJ wanJ,ntkwaF wanJ,nkwaB wanS,kwaB wanS,
,3;PL,kwaF renqJ,ntkwaF renqJ,nkwaB renqS,kwaB renqS,
,,,,,,
[72],kwa3,swept,tv,lm-h-ls,lm-h-ls,hl-ms-ls
,,CPL,PROG,HAB,POT,
,1;SG,kwanL,ntkwanL,ntkwanL,kwanL,
,2;SG,kwaE,ntkwaE,ntkwaH,kwaH,
,3;SG,kwaF,ntkwaF,ntkwaB,kwaB,
,1;PL;INCL,kwanCanE,ntkwanCanE,ntkwanB,kwanB,
,1;PL;EXCL,kwaF waG,ntkwaF waG,nkwaBS waG,kwaBS waG,
,2;PL,kwaF wanJ,ntkwaF wanJ,nkwaB wanS,kwaB wanS,
,3;PL,kwaF renqJ,ntkwaF renqJ,nkwaB renqS,kwaB renqS,
,,,,,,
[72],nglu3,grew,iv,lm-h-ls,lm-h-ls,hl-ms-ls
,,CPL,PROG,HAB,POT,
,1;SG,nglonL,nglonL,nglonL,klonL,
,2;SG,ngluE,ngluE,ngluH,kluH,
,3;SG,ngluF,ngluF,ngluB,kluB,
,1;PL;INCL,nglonConE,nglonConE,nglonB,klonB,
,1;PL;EXCL,ngluF waG,ngluF waG,ngluBS waG,kluBS waG,
,2;PL,ngluF waJ,ngluF waJ,ngluB waS,kluB waS,
,3;PL,ngluF renqJ,ngluF renqJ,ngluB renqS,kluB renqS,
,,,,,,
[72],nkeq3,cooked,tv,lm-h-ls,lm-h-ls,hl-ms-ls
,,CPL,PROG,HAB,POT,
,1;SG,nkenqL,ntykinqL,ntykinqL,kinqL,
,2;SG,nkeqE,ntykeqE,ntykeqH,keqH,
,3;SG,nkeqF,ntykeqC,ntykeqB,keqB,
,1;PL;INCL,nkenqCenE,ntkenqCenE,ntkinqB,kinqB,
,1;PL;EXCL,nkeqF waG,ntkeqC waG,ntkeqBS waG,keqBS waG,
,2;PL,nkeqF wanJ,ntkeqC wanE,ntkeqB wanE,keqB wanE,
,3;PL,nkeqF renqJ,ntkeqC renqE,ntkeqB renqE,keqB renqE,
,,,,,,
[72],ntaq3,chewed,tv,lm-h-ls,lm-h-ls,hl-ms-ls
,,CPL,PROG,HAB,POT,
,1;SG,ntanqL,ntanqL,ntanqL,ktanqL,
,2;SG,ntaqE,ntaqE,ntaqH,ktaqH,
,3;SG,ntaqF,ntaqF,ntaqB,ktaqB,
,1;PL;INCL,ntanqCanE,ntanqCanE,ntanqB,ktanqB,
,1;PL;EXCL,ntaqF waG,ntaqF waG,ntaqBS waG,ktaqBS waG,
,2;PL,ntaqF wanJ,ntaqF wanJ,ntaqB wanS,ktaqB wanS,
,3;PL,ntaqF renqJ,ntaqF renqJ,ntaqB renqS,ntaqB renqS,
,,,,,,
[72],nten3,entered,iv,lm-h-ls,lm-h-ls,hl-ms-ls
,,CPL,PROG,HAB,POT,
,1;SG,ntenL,ntenL,ntenL,stenL,
,2;SG,ntenE,ntenE,ntenH,stenH,
,3;SG,ntenF,ntenF,ntenB,stenB,
,1;PL;INCL,ntenCenE,ntenCenE,ntenB,stenB,
,1;PL;EXCL,ntenF waG,ntenF waG,ntenBS waG,stenBS waG,
,2;PL,ntenF wanJ,ntenF wanJ,ntenB wanS,stenB wanS,
,3;PL,ntenF renqJ,ntenF renqJ,ntenB renqS,stenB renqS,
,,,,,,
[72],ntkonq3,close,tv,lm-h-ls,lm-h-ls,hl-ms-ls
,,CPL,PROG,HAB,POT,
,1;SG,ntkonqL,ntkonqL,ntkonqL,skonqL,
,2;SG,ntkonqE,ntkonqE,ntkonqH,skonqH,
,3;SG,ntkonqF,ntkonqF,ntkonqB,skonqB,
,1;PL;INCL,ntkonqConE,ntkonqConE,ntkonqB,skonqB,
,1;PL;EXCL,ntkonqF waG,ntkonqF waG,ntkonqBS waG,skonqBS waG,
,2;PL,ntkonqF wanJ,ntkonqF wanJ,ntkonqB wanS,skonqB wanS,
,3;PL,ntkonqF renqJ,ntkonqF renqJ,ntkonqB renqS,skonqB renqS,
,,,,,,
[72],ntykwen3,climbed,tv,lm-h-ls,lm-h-ls,hl-ms-ls
,,CPL,PROG,HAB,POT,
,1;SG,ntykwenL,ntykwenL,ntykwenL,tykwenL,
,2;SG,ntykwenE,ntykwenE,ntykwenH,tykwenH,
,3;SG,ntykwenF,ntykwenF,ntykwenB,tykwenB,
,1;PL;INCL,ntykwenCenE,ntykwenCenE,ntykwenB,tykwenB,
,1;PL;EXCL,ntykwenF waG,ntykwenF waG,ntykwenBS waG,tykwenBS waG,
,2;PL,ntykwenF wanJ,ntykwenF wanJ,ntykwenB wanS,tykwenB wanS,
,3;PL,ntykwenF renqJ,ntykwenF renqJ,ntykwenB renqS,tykwenB renqS,
,,,,,,
[72],qya3,bought or carried,tv,lm-h-ls,lm-h-ls,hl-ms-ls
,,CPL,PROG,HAB,POT,
,1;SG,qyanL,ntyqyanL,ntyqyanL,qyanL,
,2;SG,qyaE,ntyqyaE,ntyqyaH,qyaH,
,3;SG,qyaF,ntyqyaF,ntyqyaB,qyaB,
,1;PL;INCL,qyanCanE,ntyqyanCanE,ntyqyanB,qyanB,
,1;PL;EXCL,qyaF waG,ntyqyaF waG,ntyqyaBS waG,qyaBS waG,
,2;PL,qyaF wanJ,ntyqyaF wanJ,ntyqyaB wanS,qyaB wanS,
,3;PL,qyaF renqJ,ntyqyaF renqJ,ntyqyaB renqS,qyaB renqS,
,,,,,,
[72],skonq3,close,tv,lm-h-ls,lm-h-ls,hl-ms-ls
,,CPL,PROG,HAB,POT,
,1;SG,skonqL,ntskonqL,ntkonqL,skonqL,
,2;SG,skonqE,ntskonqE,ntkonqH,skonqH,
,3;SG,skonqF,ntskonqF,ntskonqB,skonqB,
,1;PL;INCL,skonqConE,ntskonqConE,ntkonqB,skonqB,
,1;PL;EXCL,skonqF waG,ntskonqF waG,ntkonqBS waG,skonqBS waG,
,2;PL,skonqF wanJ,ntskonqF wanJ,ntkonqB wanS,skonqB wanS,
,3;PL,skonqF renqJ,ntskonqF renqJ,ntkonqB renqS,skonqB renqS,
,,,,,,
[72],skwa3,lay elevated,iv,lm-h-ls,lm-h-ls,hl-ms-ls
,,CPL,PROG,HAB,POT,
,1;SG,skwanL,nskwanL,nxkwanL,xkwanL,
,2;SG,skwaE,nskwaE,nxkwaH,xkwaH,
,3;SG,skwaF,nskwaF,nxkwaE4,xkwaE4,
,1;PL;INCL,skwanCanE,nskwanCanE,nschkwanE4,xkwanE4,
,1;PL;EXCL,skwaF waG,nskwaF waG,nxkwaBS waG,xkwaBS waG,
,2;PL,skwaF wanJ,nskwaF wanJ,nxkwaE4 wanS,xkwaE4 wanS,
,3;PL,skwaF renqJ,nskwaF renqJ,nxkwaE4 renqS,xkwaE4 renqS,
,,,,,,
[72],sna3,ran away,iv,lm-h-ls,lm-h-ls,hl-ms-ls
,,CPL,PROG,HAB,POT,
,1;SG,snanL,nsnanL,nxnanL,xnanL,
,2;SG,snaE,nsnaE,nxnaH,xnaH,
,3;SG,snaF,nsnaF,nxnaB,xnaB,
,1;PL;INCL,snanCanE,nsnanCanE,nxnanB,xnanB,
,1;PL;EXCL,snaF waG,nsnaF waG,nxnaBS waG,xnaBS waG,
,2;PL,snaF wanJ,nsnaF wanJ,nxnaB wanS,xnaB wanS,
,3;PL,snaF renqJ,nsnaF renqJ,nxnaB renqS,xnaB renqS,
,,,,,,
[72],sne3,spread around,tv,lm-h-ls,lm-h-ls,hl-ms-ls
,,CPL,PROG,HAB,POT,
,1;SG,snenL,nsnenL,nsnenL,snenL,
,2;SG,sneE,nsneE,nsneH,sneH,
,3;SG,sneF,nsneF,nsneB,sneB,
,1;PL;INCL,sneCenE,nsneCenE,nsneB,sneB,
,1;PL;EXCL,sneF waG,nsneF waG,nsneBS waG,sneBS waG,
,2;PL,sneF wanJ,nsneF wanJ,nsneB wanS,sneB wanS,
,3;PL,sneF renqJ,nsneF renqJ,nsneB renqS,sneB renqS,
,,,,,,
[72],sqwi14,turned off,tv,lm-h-ls,lm-h-ls,hl-ms-ls
,,CPL,PROG,HAB,POT,
,1;SG,sqwenL,nsqwenL,nsqwenL,sqwenL,
,2;SG,sqwiH,nsqwiE,nsqwiH,sqwiH,
,3;SG,sqwiB,nsqwiC,nsqwiB,sqwiB,
,1;PL;INCL,sqwenB,nsqwenCenE,nsqwenB,sqwenB,
,1;PL;EXCL,sqwiBS waG,nsqwiC waG,nsqwenBS waG,sqwenBS waG,
,2;PL,sqwiB wanS,nsqwiC wanE,nsqwiB wanS,sqwiB wanS,
,3;PL,sqwiB renqS,nsqwiC renqE,nsqwiB renqS,sqwiB renqS,
,,,,,,
[72],swenq3,burned,tv,lm-h-ls,lm-h-ls,hl-ms-ls
,,CPL,PROG,HAB,POT,
,1;SG,swenqL,nswenqL,nswenqL,swenqL,
,2;SG,swenqE,nswenqE,nswenqH,swenqH,
,3;SG,swenqF,nswenqF,nswenqB,swenqB,
,1;PL;INCL,swenqCenE,nswenqCenE,nswenqB,swenqB,
,1;PL;EXCL,swenqF waG,nswenqF waG,nswenqBS waG,swenqBS waG,
,2;PL,swenqF wanJ,nswenqF wanJ,nswenqB wanS,swenqB wanS,
,3;PL,swenqF renqJ,nswenqF renqJ,nswenqB renqS,swenqB renqS,
,,,,,,
[72],yla3,sang,iv,lm-h-ls,lm-h-ls,hl-ms-ls
,,CPL,PROG,HAB,POT,
,1;SG,ylanL,ndlanL,ndlanL,klanL,
,2;SG,ylaE,ndlaE,ndlaH,klaH,
,3;SG,ylaF,ndlaF,ndlaB,klaB,
,1;PL;INCL,ylanCanE,ndlanCanE,ndlanB,klanB,
,1;PL;EXCL,ylaF waG,ndlaF waG,ndlaBS waG,klaBS waG,
,2;PL,ylaF wanJ,ndlaF wanJ,ndlaB wanS,klaB wanS,
,3;PL,ylaF renqJ,ndlaF renqJ,ndlaB renqS,klaB renqS,
,,,,,,
[72],yna3,cried,iv,lm-h-ls,lm-h-ls,hl-ms-ls
,,CPL,PROG,HAB,POT,
,1;SG,ynanL,nanL,nanL,knanL,
,2;SG,ynaE,naE,naH,knaH,
,3;SG,ynaF,naF,naB,knaB,
,1;PL;INCL,ynaCanE,naCanE,naB,knaB,
,1;PL;EXCL,ynaF waG,naF waG,naBS waG,knaBS waG,
,2;PL,ynaF wanJ,naF wanJ,naB wanJ,knaB wanJ,
,3;PL,ynaF renqJ,naF renqJ,naB renqJ,knaB renqJ,
,,,,,,
[73],ntykanq3,was tied,iv,lm-h-ls,lm-ms-ls,hl-ms-ls
,,CPL,PROG,HAB,POT,
,1;SG,ntykanqL,ntykanqL,ntykanqL,tykanqL,
,2;SG,ntykanqE,ntykanqE,ntykanqH,tykanqH,
,3;SG,ntykanqF,ntykanqF,ntykanqB,tykanqB,
,1;PL;INCL,ntykanqCanE,ntykanqCanE,ntykanqB,tykanqB,
,1;PL;EXCL,ntykanqF waG,ntykanqF waG,ntykanqBS waG,tykanqBS waG,
,2;PL,ntykanqF wanB,ntykanqF wanB,ntykanqB wanS,tykanqB wanS,
,3;PL,ntykanqF renqE,ntykanqF renqE,ntykanqB renqS,tykanqB renqS,
,,,,,,
[74],ylu1,grew,iv,lm-h-ls,lm|m-h-lm,hl-ms-ls
,,CPL,PROG,HAB,POT,
,1;SG,ylonL,ndlonF,ndylonL,klonL,
,2;SG,yluE,ndluE,ndlyuH,kluH,
,3;SG,yluE,ndluC,ndlyuB,kyuB,
,1;PL;INCL,ylonB,ndlonConE,ndlylonB,klonB,
,1;PL;EXCL,yluBS waG,ndluC waG,ndlyuBS,kluBS,
,2;PL,yluB wanS,ndluC wanJ,ndlyuB wanS,kluB wanS,
,3;PL,yluB renqS,ndluC renqJ,ndlyuB renqS,kluB renqS,
,,,,,,
[75],swi20,cleaned,tv,ms-lh-l,h-lh-mh,ms-lh-l
,,CPL,PROG,HAB,POT,
,1;SG,swenA,nswenI,nswenA,swenA,
,2;SG,swiG,nswiG,nswiG,swiG,
,3;SG,swiH,nswiE,nswiH,swiH,
,1;PL;INCL,swenHenI,nswenEenE,nswenHenI,swenHenI,
,1;PL;EXCL,swiH waG,nswiE waG,nswiH waG,swiH waG,
,2;PL,swiH wanJ,nswiE wanJ,nswiH wanJ,swiH wanJ,
,3;PL,swiH renqJ,nswiE renqJ,nswiH renqJ,swiH renqJ,
,,,,,,
[76],nda3,gave,tv,lm-lh-l,h-lh-mh,ms-lh-l
,,CPL,PROG,HAB,POT,
,1;SG,ndanA,ndanI,ndanA,tanA,
,2;SG,ndaG,ndaG,ndaG,taG,
,3;SG,ndaF,ndaE,ndaH,taH,
,1;PL;INCL,ndanCanC,ndanEanE,ndanHanI,tanHanI,
,1;PL;EXCL,ndaF waG,ndaE waG,ndaH waG,taH waG,
,2;PL,ndaF wanJ,ndaE wanJ,ndaH wanJ,taH wanJ,
,3;PL,ndaF renqJ,ndaE renqJ,ndaH renqJ,taH renqJ,
,,,,,,
[77],xti1,smoothed out,tv,ms-lh-l|ms,h-lh-mh,ms-lh-l
,,CPL,PROG,HAB,POT,
,1;SG,xtenA/H,nxtenI,nxtenA,xtenA,
,2;SG,xtiG,nxtiG,nxtiG,xtiG,
,3;SG,xtiE,nxtiE,nxtiH,xtiH,
,1;PL;INCL,xtenEenE,nxtenEenI,nxteHenI,xteHenI,
,1;PL;EXCL,xtiE waG,nxtiE waG,nxtiH waG,xtiH waG,
,2;PL,xtiE wanJ,nxtiE wanJ,nxtiH wanJ,xtiH wanJ,
,3;PL,xtiE renqJ,nxtiE renqJ,nxtiH renqJ,xtiH renqJ,
,,,,,,
[78],son3,fought,tv,lm-ls-l,h-ls-mh,ms-ls-l
,,CPL,PROG,HAB,POT,
,1;SG,sonA,nsonI,nxonA,xonA,
,2;SG,sonL,nsonL,nxonL,xonL,
,3;SG,sonF,nsonE,nxonH,xonH,
,1;PL;INCL,sonConE,nsonEonI,nxonHonI,xonHonI,
,1;PL;EXCL,sonF waG,nsonE waG,nxonH waG,xonH waG,
,2;PL,sonF wanJ,nsonE wanJ,nxonH wanJ,xonH wanJ,
,3;PL,sonF renqJ,nsonE renqJ,nxonH renqJ,xonH renqJ,
,,,,,,
[79],jwi3,to get something,tv,lm-m-lm,m-h-ls,hl-ms-ls
,,CPL,PROG,HAB,POT,
,1;SG,jwenF,ntyjinL,ntyjinL,janL,
,2;SG,jwiC,ntyjiE,ntyjiH,jaH,
,3;SG,jwiF,ntyjiC,ntyjiB,jaB,
,1;PL;INCL,jwenCenE,ntyjinCinE,ntyjinB,janB,
,1;PL;EXCL,jwiF waG,ntyjiC waG,ntyjiBS waG,jaBS waG,
,2;PL,jwiF wanJ,ntyjiC wanE,ntyjiB wanS,jaB wanS,
,3;PL,jwiF renqJ,ntyjiC renqE,ntyjiB renqS,jaB renqS,
,,,,,,
[80],xku20,feed,tv,ms-lh-ms,h-lh-h,ms-lh-ms
,,CPL,PROG,HAB,POT,
,1;SG,xkonH,nxkonE,nxkonH,xkonH,
,2;SG,xkuG,nxkuG,nxkuG,xkuG,
,3;SG,xkuH,nxkuE,nxkuH,xkuH,
,1;PL;INCL,xkonHonI,nxkonE,nxkonHonI,xkonHonI,
,1;PL;EXCL,xkuH waG,nxkuE waG,nxkuH waG,xkuH waG,
,2;PL,xkuH wanJ,nxkuE wanJ,nxkuH wanJ,xkuH wanJ,
,3;PL,xkuH renqJ,nxkuE renqJ,nxkuH renqJ,xkuH renqJ,
,,,,,,
[81],xtya20,placed,tv,ms-lh-ms,ms-lh-ms,ms-lh-ms
,,CPL,PROG,HAB,POT,
,1;SG,xtyanH,nxtyanH,nxtyanH,xtyanH,
,2;SG,xtyaG,nxtyaG,nxtyaG,xtyaG,
,3;SG,xtyaH,nxtyaH,nxtyaH,xtyaH,
,1;PL;INCL,xtyanHanI,nxtyanHanI,nxtyanH,xtyanH,
,1;PL;EXCL,xtyaH waG,nxtyanH waG,nxtyanH waG,xtyanH waG,
,2;PL,xtyaH wanJ,nxtyanH wanJ,nxtyanH wanJ,xtyanH wanJ,
,3;PL,xtyaH renqJ,nxtyanH renqJ,nxtyanH renqJ,xtyanH renqJ,
,,,,,,
[82],lya14,peel off,tv,hl-mh-ls,hs-mh-ls,hl-ms-ls
,,CPL,PROG,HAB,POT,
,1;SG,lyanL,nlyanL,nlyanL,jlyanL,
,2;SG,lyaH,nlyaH,nlyaH,jlyaH,
,3;SG,lyaB,nlyaK,nlyaB,jlyaB,
,1;PL;INCL,lyanB,nlyanK,nlyanB,jlyanB,
,1;PL;EXCL,lyaBS waG,nlyaK waG,nlyaBS waG,jlyaBS waG,
,2;PL,lyaB wanS,nlyaE wanS,nlyaB wanS,jlyaB wanS,
,3;PL,lyaB renqS,nlyaE renqS,nlyaB renqI,jlyaB renqI,
,,,,,,
[83],naq14,washed hands,tv,hl-ms-ls,m-h-ls,hl-ms-ls
,,CPL,PROG,HAB,POT,
,1;SG,nanqL,nnanqL,nnyanqL,nyanqL,
,2;SG,naqH,nnaqE,nnyaqH,nyaqH,
,3;SG,naqB,nnaqC,nnyaqB,nyaqB,
,1;PL;INCL,naqB,nnaqCanE,nnyaqB,nyaqB,
,1;PL;EXCL,naqBS waG,nnaqC waG,nnyaqBS waG,nyaqBS waG,
,2;PL,naqB wanS,nnaqC wanE,nnyaqB wanS,nyaqB wanS,
,3;PL,naqB renqS,nnaqC renqE,nnyaqB renqS,nyaqB renqS,
,,,,,,
[84],sne14,sprinkled,tv,hl-ms-ls,hs-h-ls,hl-ms-ls
,,CPL,PROG,HAB,POT,
,1;SG,snenL,nsnenL,nsnenL,snenL,
,2;SG,sneH,nsneE,nsneH,sneH,
,3;SG,sneB,nsneK,nsneB,sneB,
,1;PL;INCL,sneB,nsneK,nsneB,sneB,
,1;PL;EXCL,sneBS waG,nsneK waG,nsneBS waG,sneBS waG,
,2;PL,sneB wanS,nsneE wanS,nsneB wanS,sneB wanS,
,3;PL,sneB renqS,nsneE renqS,nsneB renqS,sneB renqS,
,,,,,,
[84],sqwe14,divided up,tv,hl-ms-ls,hs-h-ls,hl-ms-ls
,,CPL,PROG,HAB,POT,
,1;SG,sqwenL,nsqwenL,nsqwenL,sqwenL,
,2;SG,sqweH,nsqweE,nsqweH,sqweH,
,3;SG,sqweB,nsqweK,nsqweB,sqweB,
,1;PL;INCL,sqwenB,nsqwenK,nsqwenB,sqwenB,
,1;PL;EXCL,sqweBS waG,nsqweK waG,nsqweBS waG,sqweBS waG,
,2;PL,sqweB wanS,nsqweE wanS,nsqweB wanS,sqweB wanS,
,3;PL,sqweB renqS,nsqweE renqS,nsqweB renqS,sqweB renqS,
,,,,,,
[84],xkwan14,sewed,tv,hl-ms-ls,hs-h-ls,hl-ms-ls
,,CPL,PROG,HAB,POT,
,1;SG,xkwanL,nxkwanL,nxkwanL,xkwanL,
,2;SG,xkwanH,nxkwanE,nxkwanH,xkwanH,
,3;SG,xkwanB,nxkwanK,nxkwanB,xkwanB,
,1;PL;INCL,xkwanB,nxkwanK,nxkwanB,xkwanB,
,1;PL;EXCL,xkwanBS waG,nxkwanK waG,nxkwanBS waG,xkwanBS waG,
,2;PL,xkwanB wanS,nxkwanE wanS,nxkwanB wanS,xkwanB wanS,
,3;PL,xkwanB renqS,nxkwanE renqS,nxkwanB renqS,xkwanB renqS,
,,,,,,
[84],xkwen14,answered,(intr/tr),hl-ms-ls,hs-h-ls,hl-ms-ls
,,CPL,PROG,HAB,POT,
,1;SG,xkwenL,nxkwenL,nxkwenL,xkwenL,
,2;SG,xkwenH,nxkwenE,nxkwenH,xkwenH,
,3;SG,xkwenB,nxkwenK,nxkwenB,xkwenB,
,1;PL;INCL,xkwenB,nxkwenK,nxkwenB,xkwenB,
,1;PL;EXCL,xkwenBS waG,nxkwenK waG,nxkwenBS waG,xkwenBS waG,
,2;PL,xkwenB wanS,nxkwenE wanS,nxkwenB wanS,xkwenB wanS,
,3;PL,xkwenB renqS,nxkwenE renqS,nxkwenB renqS,xkwenB renqS,
,,,,,,
[85],ntykwan14,tremble,(intr/tr),hl-ms-ls,lm-ms-ls,hl-ms-ls
,,CPL,PROG,HAB,POT,
,1;SG,ntykwanL,ntykwanL,ntykwanL,tykwanL,
,2;SG,ntykwanH,ntykwanH,ntykwaH,tykwanH,
,3;SG,ntykwanB,ntykwanF,ntykwanB,tykwanB,
,1;PL;INCL,ntykwanB,ntykwanCanE,ntykwanB,tykwanE,
,1;PL;EXCL,ntykwanBS waG,ntykwanF waG,ntykwanBS waG,tykwanBS waG,
,2;PL,ntykwanB wanS,ntykwanF wanJ,ntykwanB wanS,tykwanB wanS,
,3;PL,ntykwanB renqS,ntykwanF renqJ,ntykwanB renqS,tykwanB renqS,
,,,,,,
[86],kwa14,sat,iv,hl-ms-ls,hs-ms-ls,hl-ms-ls
,,CPL,PROG,HAB,POT,
,1;SG,kwanL,ntkwanL,ntykwanL,tykwanL,
,2;SG,kwaH,ntkwaH,ntykwaH,tykwaH,
,3;SG,kwaB,ntkwaK,ntykwaB,tykwaB,
,1;PL;INCL,kwanB,ntkwanK,ntykwanB,tykwanB,
,1;PL;EXCL,kwaBS waG,ntkwaK waG,ntykwaBS waG,tykwaBS waG,
,2;PL,kwaB wanS,ntkwaE wanS,ntykwaB wanS,tykwaB wanS,
,3;PL,kwaB renqS,ntkwaE renqS,ntykwaB renqS,tykwaB renqS,
,,,,,,
[86],ne14,confessed,tv,hl-ms-ls,hs-ms-ls,hl-ms-ls
,,CPL,PROG,HAB,POT,
,1;SG,nenL,nnenL,nninL,nninL,
,2;SG,neH,nneK,nniH,nniH,
,3;SG,neB,nneK,nniB,nniB,
,1;PL;INCL,nenB,nniK,nniB,nniB,
,1;PL;EXCL,niBS waG,nniK waG,nniBS waG,nniBS waG,
,2;PL,niB wanS,nniE wanS,nniB wanS,nniB wanS,
,3;PL,niB renqS,nniE renqS,nniB renqS,nniB renqS,
,,,,,,
[86],ntson14,warmed up,tv,hl-ms-ls,hs-ms-ls,hl-ms-ls
,,CPL,PROG,HAB,POT,
,1;SG,ntsonL,ntsonL,ntsonL,ktsonL,
,2;SG,ntsonH,ntsonH,ntsonH,ktsonH,
,3;SG,ntsonB,ntsonK,ntsonB,ktsonB,
,1;PL;INCL,ntsonB,ntsonK,ntsonB,ktsonB,
,1;PL;EXCL,ntsonBS waG,ntsonK waG,ntsonBS waG,ktsonBS waG,
,2;PL,ntsonB wanS,ntsonE wanS,ntsonB wanS,ktsonB wanS,
,3;PL,ntsonB renqS,ntsonE renqS,ntsonB renqS,ktsonB renqS,
,,,,,,
[86],nya14,trembled,iv,hl-ms-ls,hs-ms-ls,hl-ms-ls
,,CPL,PROG,HAB,POT,
,1;SG,nyanL,nnyanL,nnyanL,knyanL,
,2;SG,nyaH,nnyaH,nnyaH,knyaH,
,3;SG,nyaB,nnyaK,nnyaB,knyaB,
,1;PL;INCL,nyaB,nnyaK,nnyaB,knyaK,
,1;PL;EXCL,nyaBS waG,nyaK waG,nnyaBS waG,knyaK waG,
,2;PL,nyaB wanS,nyaE wanS,nnyaB wanS,knyaB wanS,
,3;PL,nyaB renqS,nyaE renqS,nnyaB renqS,knyaB renqS,
,,,,,,
[86],nya14,built,tv,hl-ms-ls,hs-ms-ls,hl-ms-ls
,,CPL,PROG,HAB,POT,
,1;SG,nyanL,nnyanL,nnyanL,knyanL,
,2;SG,nyaH,nnyaK,nnyaH,knyaH,
,3;SG,nyaB,nnyaK,nnyaB,knyaB,
,1;PL;INCL,nyaB,nnyaK,nnyaB,knyaK,
,1;PL;EXCL,nyaBS waG,nyaK waG,nnyaBS waG,knyaK waG,
,2;PL,nyaB wanS,nyaE wanS,nnyaB wanS,knyaB wanS,
,3;PL,nyaB renqS,nyaE renqS,nnyaB renqS,knyaB renqS,
,,,,,,
[86],nyi14,dug a hole,tv,hl-ms-ls,hs-ms-ls,hl-ms-ls
,,CPL,PROG,HAB,POT,
,1;SG,nyinL,nnyinL,nnyinL,nyinL,
,2;SG,nyiH,nnyiK,nnyiH,nyiH,
,3;SG,nyiB,nnyiC,nnyiB,nyiB,
,1;PL;INCL,nyiB,nnyiK,nyiB,knyiB,
,1;PL;EXCL,nyiBS waG,nnyiK waG,nyiBS waG,knyiBS waG,
,2;PL,nyiB wanS,nnyiE wanS,nyiB wanS,knyiB wanS,
,3;PL,nyiB renqS,nnyiE renqS,nyiB renqS,knyiB renqS,
,,,,,,
[86],qu14,showed,tv,hl-ms-ls,hs-ms-ls,hl-ms-ls
,,CPL,PROG,HAB,POT,
,1;SG,qonL,ntqonL,ntqonL,qonL,
,2;SG,quH,ntquH,ntquH,quH,
,3;SG,quB,ntquK,ntquB,quB,
,1;PL;INCL,qonB,ntqonK,ntqonB,qonB,
,1;PL;EXCL,quBS waG,ntquK waG,ntquB waG,quB waG,
,2;PL,quB wanS,ntquE wanS,ntquB wanS,quB wanS,
,3;PL,quB renqS,ntquE renqS,ntquB renqS,quB renqS,
,,,,,,
[86],slu14,spilled,tv,hl-ms-ls,hs-ms-ls,hl-ms-ls
,,CPL,PROG,HAB,POT,
,1;SG,slonL,nslonL,nslonL,slonL,
,2;SG,sluH,nsluH,nsluH,sluH,
,3;SG,sluB,nsluK,nsluB,sluB,
,1;PL;INCL,slonB,nslonK,nslonB,slonB,
,1;PL;EXCL,sluBS waG,nsluK waG,nsluBS waG,sluBS waG,
,2;PL,sluB wanS,nsluE wanS,nsluB wanS,sluB wanS,
,3;PL,sluB renqS,nsluE renqS,nsluB renqS,sluB renqS,
,,,,,,
[86],sqwa14,she put in,tv,hl-ms-ls,hs-ms-ls,hl-ms-ls
,,CPL,PROG,HAB,POT,
,1;SG,sqwanL,ntsqwanL,nsqwanL,sqwanL,
,2;SG,sqwaH,ntsqwaH,nsqwaH,sqwaH,
,3;SG,sqwaB,ntsqwaK,nsqwaB,sqwaB,
,1;PL;INCL,sqwanB,ntsqwanK,nsqwanB,sqwanB,
,1;PL;EXCL,sqwaBS waG,ntsqwaK waG,nsqwaBS waG,sqwaBS waG,
,2;PL,sqwaB wanS,ntsqwaE wanS,nsqwaB wanS,sqwaB wanS,
,3;PL,sqwaB renqS,ntsqwaE renqS,nsqwaB renqS,sqwaB renqS,
,,,,,,
[87],nton3,reproduced oneself,,lm-mh-l,mh-mh-mh,hl-lh-ls
,,CPL,PROG,HAB,POT,
,1;SG,ntonA,ntonI,ntyonL,ktonL,
,2;SG,ntonI,ntonI,ntyonG,ktonG,
,3;SG,ntonF,ntonI,ntyonB,ktonB,
,1;PL;INCL,ntonHnE,ntonHnE,ntyonB,ktonB,
,1;PL;EXCL,ntonC waG,ntonI waG,ntyonBS waG,ktonBS waG,
,2;PL,ntonC wanA,ntonI wanA,ntyonB wanS,ktonB wanS,
,3;PL,ntonC renqA,ntonI renqJ,ntyonB renqS,ktonB renqS,
,,,,,,
[88],lqa3,blew into,tv,lm-mh-ls,lm-mh-h,hl-ms-ls
,,CPL,PROG,HAB,POT,
,1;SG,lqanL,ntqanE,nt/lyxqanL,qanL,
,2;SG,lqaI,ntqaI,nt/lyqaH,qaH,
,3;SG,lqaF,ntqaF,nt/lyqaB,qaB,
,1;PL;INCL,lqanCanE,ntqanCanE,nt/lyqanB,qanB,
,1;PL;EXCL,lqaF waG,ntqaF waG,nt/lyqaBS waG,qaBS waG,
,2;PL,lqaF wanJ,ntqaF wanJ,nt/lyqaB wanS,qaB wanS,
,3;PL,lqaF renqJ,ntqaF renqJ,nt/lyqaB renqS,qaB renqS,
,,,,,,
[89],nyi14,confessed,iv,hs-h-ls,m-h-ls,hl-ms-ls
,,CPL,PROG,HAB,POT,
,1;SG,nyinL,nnyinL,nnyinL,nyinL,
,2;SG,nyiH,nnyiE,nnyiH,nyiH,
,3;SG,nyiB,nnyiC,nnyiB,nyiB,
,1;PL;INCL,nyiB,nnyiK,nyiB,knyiB,
,1;PL;EXCL,nyiBS waG,nnyiK waG,nyiBS waG,knyiBS waG,
,2;PL,nyiB wanS,nnyiE wanS,nyiB wanS,knyiB wanS,
,3;PL,nyiB renqS,nnyiE renqS,nyiB renqS,knyiB renqS,
,,,,,,
[90],ntyinq3,closed eyes,tv,lm-ms-ls,m-h-m,hl-ms-ls
,,CPL,PROG,HAB,POT,
,1;SG,ntyinqL,ntyinqL,ntyinqL,ktyinqL,
,2;SG,ntyinqE,ntyinqE,ntyinqH,ktyinqH,
,3;SG,ntyinqF,ntyinqF,ntyinqB,ktyinqB,
,1;PL;INCL,ntyinqCinE,ntyinqCinE,ntyinqB,ktyinqB,
,1;PL;EXCL,ntyinqF waG,ntyinqC waG,ntyinqBS waG,ktyinqBS waG,
,2;PL,ntyinqF wanJ,ntyinqC wanJ,ntyinqB wanS,ktyinqB wanS,
,3;PL,ntyinqF renqJ,ntyinqC renqE,ntyinqB renqS,ktyinqB renqS,
,,,,,,
[91],xne10,confessed,tv,hs-ms-ls,m-ms-ls,hl-ms-ls
,,CPL,PROG,HAB,POT,
,1;SG,xnenL,nxnenL,nxnenL,xnenL,
,2;SG,xneI,nxneI,nxneH,xneH,
,3;SG,xneK,nxneK,nxneB,xneB,
,1;PL;INCL,xneK,nxnenK,nxneB,xneB,
,1;PL;EXCL,xneK waG,nxneE waG,nxneBS waG,xneBS waG,
,2;PL,xneE wanS,nxneE wanE,nxneB wanS,xneB wanS,
,3;PL,xneE renqS,nxneE renqS,nxneB renqS,xneB renqS,
,,,,,,
[92],xtyiq10,untied,tv,hs-ms-ls,hs-ms-ls,hl-ms-ls
,,CPL,PROG,HAB,POT,
,1;SG,xtenqL,nxtenqL,nxtenqL,xtenqL,
,2;SG,xtyiqH,nxtyiqH,nxtyiqH,xtyiqH,
,3;SG,xtyiqK,nxtyiqK,nxtyiqB,xtyiqB,
,1;PL;INCL,xtenqK,nxtenqK,nxtenqB,xtenqB,
,1;PL;EXCL,xtyiqK waG,nxtyiqK waG,nxtyiqBS waG,xtyiqBS waG,
,2;PL,xtyiqE wanS,nxtyiqE wanS,nxtyiqB wanS,xtyiqB wanS,
,3;PL,xtyiqE renqS,nxtyiqE renqS,nxtyiqB renqS,xtyiqB renqS,
,,,,,,
[93],xqwa10,paid,tv,hs-ms-ls,hs-ms-ls,hs-ms-ls
,,CPL,PROG,HAB,POT,
,1;SG,xqwanL,nxqwanL,nxqwanL,xqwanL,
,2;SG,xqwaH,nxqwaH,nxqwaH,xqwaH,
,3;SG,xqwaK,nxqwaK,nxqwaK,xqwaK,
,1;PL;INCL,xqwanK,nxqwanK,nxqwanK,xqwanK,
,1;PL;EXCL,xqwaK waG,nxqwaK waG,nxqwaK waG,xqwaK waG,
,2;PL,xqwaE wanS,nxqwaE wanS,nxqwaE wanS,xqwaE wanS,
,3;PL,xqwaE renqS,nxqwaE renqS,nxqwaE renqS,xqwaE renqS,
,,,,,,
[94],xkonq42,closed it or covered it up or got dressed,tv,m-h-h,m-h-h,hl-h-ms
,,CPL,PROG,HAB,POT,
,1;SG,xkonqJ,nxkonqE,nxkonqL,xkonqJ,
,2;SG,xkonqI,nxkuqE,nxkonqH,xkonqG,
,3;SG,xkonqG,nxkuqI,nxkonqB,xkonqB,
,1;PL;INCL,xkonqGanG,nxkonqIonI,nxkonqB,xkonqB,
,1;PL;EXCL,xkonqG waG,nxkonqI waG,nxkonqBS waG,xkonqB waG,
,2;PL,xkonqG wanA,nxkonqI wanA,nxkonqB wanS,xkonqB wanS,
,3;PL,xkonqG renqA,nxkonqC renqA,nxkonqB renqS,xkonqB renqS,
,,,,,,
[95],ykuq2,wore it on,tv,m-h-h,m-h-h,hl-ms-ms
,,CPL,PROG,HAB,POT,
,1;SG,ykonqE,ntykonqE,ntykonqH,konqH,
,2;SG,ykuqE,ntykuqE,ntykuqH,kuqH,
,3;SG,ykuqC,ntykuqC,ntykuqB,kuqB,
,1;PL;INCL,ykonqConE,ntykonqConE,ntykonqB,konqB,
,1;PL;EXCL,ykuqC waG,ntykuqC waG,ntykuqBS waG,kuqBS waG,
,2;PL,ykuqC wanE,ntykuqC wanE,ntykuqB wanS,kuqB wanS,
,3;PL,ykuqC renqE,ntykuqC renqE,ntykuqB renqS,kuqB renqS,
,,,,,,
[95],yo2,ground,tv,m-h-h,m-h-h,hl-ms-ms
,,CPL,PROG,HAB,POT,
,1;SG,yonE,ndyonE,ndyonH,konH,
,2;SG,yoE,ndyoE,ndyoH,koH,
,3;SG,yoC,ndyoC,ndyoB,koB,
,1;PL;INCL,yonConE,ndyonConE,ndyonB,konB,
,1;PL;EXCL,yoC waG,ndyoC waG,ndyoBS waG,koBS waG,
,2;PL,yoC wanE,ndyoC wanE,ndyoB wanS,koB wanS,
,3;PL,yoC renqE,ndyoC renqE,ndyoB renqS,koB renqS,
,,,,,,
[95],yqo2,drank,tv,m-h-h,m-h-h,hl-ms-ms
,,CPL,PROG,HAB,POT,
,1;SG,yqonE,ntyqonE,ntyqonH,kqonH,
,2;SG,yqoE,ntyqoE,ntyqoH,kqoH,
,3;SG,yqoC,ntyqoC,ntyqoB,kqoB,
,1;PL;INCL,yqonConE,ntyqonConE,ntyqonB,kqonB,
,1;PL;EXCL,yqoC waG,ntyqoC waG,ntyqoBS waG,kqoBS waG,
,2;PL,yqoC wanE,ntyqoC wanE,ntyqoB wanS,kqoB wanS,
,3;PL,yqoC renqE,ntyqoC renqE,ntyqoB renqS,kqoB renqS,