Appendix. Corpus of singular forms of 197 SJQ Chatino verbs arranged by AM class and component PN triplets,,,,,,,,,,
[7/31/20],,,,,,,,,,
"AM
 class",Citation form,Gloss,P/N,CPL,PRG,HAB,POT,"CPL
 triplet","PRG
 triplet","HAB/POT
 triplet"
[01],naqH yqwiML,got lost,"1sg
 2sg
 3sg","nanqH yqwenML
 nanqH yqwiLH
 naqH yqwiML","nnanqH yqwenML
 nnanqH yqwiLH
 nnaqH yqwiML","nnanqMS yqwenML
 nnanqMS yqwiLH
 nnaqMS yqwiML","knanqMS yqwenML
 knanqMS yqwiLH
 knaqMS yqwiML",⟨h‑h‑h⟩,⟨h‑h‑h⟩,⟨ms‑ms‑ms⟩
[02],jaH,cleared up,"1sg
 2sg
 3sg","janL
 jaLH
 jaH","ntjanMH
 ntjaLH
 ntjaH","ntjanL
 ntjaLH
 ntjaMS","janL
 jaLH
 jaMS",⟨h‑lh‑l⟩,⟨h‑lh‑mh⟩,⟨ms‑lh‑l⟩
[02],jiH,spent money,"1sg
 2sg
 3sg","jinL
 jiLH
 jiH","ntjenMH
 ntjiLH
 ntjiH","ntyjinL
 ntyjiLH
 ntyjiMS","jinL
 jiLH
 jiMS",⟨h‑lh‑l⟩,⟨h‑lh‑mh⟩,⟨ms‑lh‑l⟩
[02],jiH,missed an activity,"1sg
 2sg
 3sg","jinL
 jiLH
 jiH","ntjenMH
 ntyjiLH
 ntjiH","ntyjinL
 ntyjiLH
 ntyjiMS","jinL
 jiLH
 jiMS",⟨h‑lh‑l⟩,⟨h‑lh‑mh⟩,⟨ms‑lh‑l⟩
[02],nchaH,broke,"1sg
 2sg
 3sg","nchanL
 nchaLH
 nchaH","nchanMH
 nchaLH
 nchaH","nchanL
 nchaLH
 nchaMS","kchanL
 kchaLH
 kchaMS",⟨h‑lh‑l⟩,⟨h‑lh‑mh⟩,⟨ms‑lh‑l⟩
[02],nkqiH,got roasted,"1sg
 2sg
 3sg","nkqinL
 nkqiLH
 nkqiH","ntyqinMH
 ntyqiLH
 ntyqiH","ntqinL
 ntyqiLH
 ntqiMS","kqinL
 kqiLH
 kqiMS",⟨h‑lh‑l⟩,⟨h‑lh‑mh⟩,⟨ms‑lh‑l⟩
[02],nkwiH,boiled,"1sg
 2sg
 3sg","nkwenL
 nkwiLH
 nkwiH","ntkwenMH
 ntkwiLH
 ntkwiH","ntykwenL
 ntykwiLH
 ntykwiMS","kwenL
 kwiLH
 kwiMS",⟨h‑lh‑l⟩,⟨h‑lh‑mh⟩,⟨ms‑lh‑l⟩
[02],nnaH,looked for,"1sg
 2sg
 3sg","nnanL
 nnaLH
 nnaH","nnanMH
 nnaLH
 nnaH","nnanL
 nnaLH
 nnaMS","knanL
 knaLH
 knaMS",⟨h‑lh‑l⟩,⟨h‑lh‑mh⟩,⟨ms‑lh‑l⟩
[02],ntiqiH,moaned,"1sg
 2sg
 3sg","ntqenL
 ntqiLH
 ntqiH","ntqenMH
 ntqiLH
 ntqiH","ntqenL
 ntqiLH
 ntqiMS","tqenL
 tqiLH
 tqiMS",⟨h‑lh‑l⟩,⟨h‑lh‑mh⟩,⟨ms‑lh‑l⟩
[02],ntjaH,sneezed,"1sg
 2sg
 3sg","ntjanL
 ntjaLH
 ntjaH","ntjanMH
 ntjaLH
 ntjaH","ntyjanL
 ntyjaLH
 ntyjaMS","tyjanL
 tyjaLH
 tyjaMS",⟨h‑lh‑l⟩,⟨h‑lh‑mh⟩,⟨ms‑lh‑l⟩
[02],ntjaH,sneezed,"1sg
 2sg
 3sg","ntjanL
 ntjaLH
 ntjaH","ntyjanMH
 ntyjaLH
 ntyjaH","ntyjanL
 ntyjaLH
 ntyjaMS","tyjanL
 tyjaLH
 tyjaMS",⟨h‑lh‑l⟩,⟨h‑lh‑mh⟩,⟨ms‑lh‑l⟩
[02],ntqanH,smeared,"1sg
 2sg
 3sg","ntqanL
 ntqanLH
 ntqanH","ntqanMH
 ntqanLH
 ntqanH","ntqanL
 ntqanLH
 ntqanMS","tqanL
 tqanLH
 tqanMS",⟨h‑lh‑l⟩,⟨h‑lh‑mh⟩,⟨ms‑lh‑l⟩
[02],ntqenH,married,"1sg
 2sg
 3sg","ntqenL
 ntqenLH
 ntqenH","ntqenMH
 ntqenLH
 ntqenH","ntyqinL
 ntyqinLH
 ntyqinMS","tyqinL
 tyqinLH
 tyqinMS",⟨h‑lh‑l⟩,⟨h‑lh‑mh⟩,⟨ms‑lh‑l⟩
[02],ntykaqH,leapt,"1sg
 2sg
 3sg","ntykanqL
 ntykaqLH
 ntykaqH","ntykanqMH
 ntykaqLH
 ntykaqH","ntykanqL
 ntykaqLH
 ntykaqMS","tykanqL
 tykaqLH
 tykaqMS",⟨h‑lh‑l⟩,⟨h‑lh‑mh⟩,⟨ms‑lh‑l⟩
[02],ntyqyaH,brought down,"1sg
 2sg
 3sg","ntyqyanL
 ntyqyaLH
 ntyqyaH","ntyqyanMH
 ntyqyaLH
 ntyqyaH","ntyqyanL
 ntyqyaLH
 ntyqyaMS","tyqyanL
 tyqyaLH
 tyqyaMS",⟨h‑lh‑l⟩,⟨h‑lh‑mh⟩,⟨ms‑lh‑l⟩
[02],ntyqyaH,lowered down,"1sg
 2sg
 3sg","ntyqyanL
 ntyqyaLH
 ntyqyaH","ntyqyanMH
 ntyqyaLH
 ntyqyaH","ntyqyanL
 ntyqyaLH
 ntyqyaMS","tyqyanL
 tyqyaLH
 tyqyaMS",⟨h‑lh‑l⟩,⟨h‑lh‑mh⟩,⟨ms‑lh‑l⟩
[02],qneH,got whipped,"1sg
 2sg
 3sg","qnenL
 qneLH
 qneH","nqnenMH
 nqneLH
 nqneH","nqnenL
 nqneLH
 nqneMS","kqnenL
 kqneLH
 kqneMS",⟨h‑lh‑l⟩,⟨h‑lh‑mh⟩,⟨ms‑lh‑l⟩
[02],qnyiH,whipped him,"1sg
 2sg
 3sg","qninL
 qniLH
 qnyiH","nqninMH
 nqniLH
 nqniH","nqninL
 nqniLH
 nqniMS","kqnyinL
 knyiLH
 kqnyiMS",⟨h‑lh‑l⟩,⟨h‑lh‑mh⟩,⟨ms‑lh‑l⟩
[02],qnyiH,hit,"1sg
 2sg
 3sg","qninL
 qniLH
 qnyiH","nqninMH
 nqniLH
 nqniH","nqninL
 nqniLH
 nqniMS","kqninL
 kqnyiLH
 kqniMS",⟨h‑lh‑l⟩,⟨h‑lh‑mh⟩,⟨ms‑lh‑l⟩
[02],senH,squeezed it,"1sg
 2sg
 3sg
 1incl","senL
 senLH
 senH
 senLHenLH","nsenMH
 nsenLH
 nsenH","nsenL
 nsenLH
 nsenMS","senL
 senLH
 senMS",⟨h‑lh‑l⟩,⟨h‑lh‑mh⟩,⟨ms‑lh‑l⟩
[02],skwanH,plucked,"1sg
 2sg
 3sg","skwanL
 skwaanLH
 skwanH","nskwanMH
 nskwanLH
 nskwanH","nxkwanL
 nxkwanLH
 nxkwanMS","xkwanL
 xkwanLH
 xkwanMS",⟨h‑lh‑l⟩,⟨h‑lh‑mh⟩,⟨ms‑lh‑l⟩
[02],skwaqH,"took out corn 
 kernels from cob","1sg
 2sg
 3sg","skwanqL
 skwaqLH
 skwaqH","nskwanqMH
 nskwaqLH
 nskwaqH","nchkwanqL
 nchkwaqLH
 nchkwaqMS","skwanqL
 skwaqLH
 skwaqMS",⟨h‑lh‑l⟩,⟨h‑lh‑mh⟩,⟨ms‑lh‑l⟩
[02],skwenH,shook,"1sg
 2sg
 3sg","skwenL
 skwenLH
 skwenH","nskwenMH
 nskwenLH
 nskwenH","nskwenL
 nskwenLH
 nskwenMS","skwenL
 skwenLH
 skwenMS",⟨h‑lh‑l⟩,⟨h‑lh‑mh⟩,⟨ms‑lh‑l⟩
[02],slaH,opened,"1sg
 2sg
 3sg","slanL
 slaLH
 slaH","nslanMH
 nslaLH
 nslaH","nslanL
 nslaLH
 nslaMS","slanL
 slaLH
 slaMS",⟨h‑lh‑l⟩,⟨h‑lh‑mh⟩,⟨ms‑lh‑l⟩
[02],slaqH,"said good bye 
 for a last time","1sg
 2sg
 3sg","slanqL
 slaqLH
 slaqH","nslanqMH
 nslaqLH
 nslaqH","nslanqL
 nslaqLH
 nslaqMS","slanqL
 slaqLH
 slaqMS",⟨h‑lh‑l⟩,⟨h‑lh‑mh⟩,⟨ms‑lh‑l⟩
[02],snyaqH,pinched,"1sg
 2sg
 3sg","snyanqL
 snyaqLH
 snyaqH","nsnyanqMH
 nsnyaqLH
 nsnyaqH","nsnyanqL
 nsnyaqLH
 nsnyaqMS","snyanqL
 snyaqLH
 snyaqMS",⟨h‑lh‑l⟩,⟨h‑lh‑mh⟩,⟨ms‑lh‑l⟩
[02],sqnaH,caused to swing,"1sg
 2sg
 3sg","sqnanL
 sqnaLH
 sqnaH","nsqnanMH
 nsqnaLH
 nsqnaH","nsqnanL
 nsqnaLH
 nsqnaMS","sqnanL
 sqnaLH
 sqnaMS",⟨h‑lh‑l⟩,⟨h‑lh‑mh⟩,⟨ms‑lh‑l⟩
[02],sqyaH,screamed,"1sg
 2sg
 3sg","sqyanL
 sqyaLH
 sqyaH","nsqyanMH
 nsqyaLH
 nsqyaH","nxqyanL
 nxqyaLH
 nxqyaMS","xqyanL
 xqyaLH
 xqyaMS",⟨h‑lh‑l⟩,⟨h‑lh‑mh⟩,⟨ms‑lh‑l⟩
[02],sqyuH,cut up,"1sg
 2sg
 3sg","sqyonL
 sqyuLH
 sqyuH","nsqyonMH
 nsqyuLH
 nsqyuH","nsqyonL
 nsqyuLH
 nsqyuMS","sqyonL
 sqyuLH
 sqyuMS",⟨h‑lh‑l⟩,⟨h‑lh‑mh⟩,⟨ms‑lh‑l⟩
[02],staH,crushed,"1sg
 2sg
 3sg","stanL
 staLH
 staH","nstanMH
 nstaLH
 nstaH","nstanL
 nstaLH
 nstaMS","stanL
 staLH
 staMS",⟨h‑lh‑l⟩,⟨h‑lh‑mh⟩,⟨ms‑lh‑l⟩
[02],styiH,laughed,"1sg
 2sg
 3sg","styinL
 styiLH
 styiH","nstyinMH
 nstyiLH
 nstyiH","nstyinL
 nstyiLH
 nstyiMS","styinL
 styiLH
 styiMS",⟨h‑lh‑l⟩,⟨h‑lh‑mh⟩,⟨ms‑lh‑l⟩
[02],xkiH,bent,"1sg
 2sg
 3sg","xkinL
 xkiLH
 xkiH","nxkinMH
 nxkiLH
 nxkiH","nxkinL
 nxkiLH
 nxkiMS","xkinL
 xkiLH
 xkiMS",⟨h‑lh‑l⟩,⟨h‑lh‑mh⟩,⟨ms‑lh‑l⟩
[02],xqanH,changed,"1sg
 2sg
 3sg","xqanL
 xqanLH
 xqanH","nxqanMH
 nxqanLH
 nxqanH","nxqanL
 nxqanLH
 nxqanMS","xqanL
 xqanLH
 xqanMS",⟨h‑lh‑l⟩,⟨h‑lh‑mh⟩,⟨ms‑lh‑l⟩
[02],ykwanqH,slapped,"1sg
 2sg
 3sg","ykwanqL
 ykwanqLH
 ykwanqH","ntykwanqMH
 ntykwanqLH
 ntykwanqH","ntykwanqL
 ntykwanqLH
 ntykwanqMS","ykwanqL
 ykwanqLH
 ykwanqMS",⟨h‑lh‑l⟩,⟨h‑lh‑mh⟩,⟨ms‑lh‑l⟩
[02],ykwenqH,swallowed,"1sg
 2sg
 3sg","ykwenqL
 ykwenqLH
 ykwenqH","ntykwenqMH
 ntykwenqLH
 ntykwenqH","ntykwenqL
 ntykwenqLH
 ntykwenqMS","tykwenqL
 tykwenqLH
 tykwenqMS",⟨h‑lh‑l⟩,⟨h‑lh‑mh⟩,⟨ms‑lh‑l⟩
[02],yluH,dug,"1sg
 2sg
 3sg","ylonL
 yluLH
 yluH","nlonMH
 nluLH
 nluH","nlonL
 nluLH
 nluMS","klonL
 kluLH
 kluMS",⟨h‑lh‑l⟩,⟨h‑lh‑mh⟩,⟨ms‑lh‑l⟩
[02],ynaqH,got lost,"1sg
 2sg
 3sg","ynanqL
 ynaqLH
 ynaqH","nnanqMH
 nnaqLH
 nnaqH","nnanqL
 nnaqLH
 nnaqMS","knanqL
 knaqLH
 knaqMS",⟨h‑lh‑l⟩,⟨h‑lh‑mh⟩,⟨ms‑lh‑l⟩
[03],sqanH,filled,"1sg
 2sg
 3sg","sqanL
 sqanLH
 sqanH","nsqanMS
 nsqanLH
 nsqanH","ntsqanL
 ntsqanLH
 ntsqanMS","sqanL
 sqanLH
 sqanMS",⟨h‑lh‑l⟩,⟨h‑lh‑ms⟩,⟨ms‑lh‑l⟩
[04],nkwiH,flew,"1sg
 2sg
 3sg","nkwenL
 nkwiLH
 nkwiH","ntkwenMS
 ntkwiLH
 ntkwiH","ntykwenMS
 ntykwiLH
 ntykwiMS","tykwenL
 tykwiLH
 tykwiMS",⟨h‑lh‑l⟩,⟨h‑lh‑ms⟩,⟨ms‑lh‑ms⟩
[05],nkqwaH,drowned,"1sg
 2sg
 3sg","nkqwanL
 nkqwaLH
 nkqwaH","nkqwanMH
 nkqwaMH
 nkqwaH","ntyqwanML
 ntyqwaLH
 ntyqwaML","tyqwanML
 tyqwaLH
 tyqwaML",⟨h‑lh‑l⟩,⟨h‑mh‑mh⟩,⟨ml‑lh‑ml⟩
[06],ylaH,was born,"1sg
 2sg
 3sg","ylanL
 ylaLH
 ylaH","nlanMH
 nlaLH
 nlaMH","nlyanL
 nlyaLH
 nlyaL","klanL
 klaLH
 klaL",⟨h‑lh‑l⟩,⟨mh‑lh‑mh⟩,⟨l‑lh‑l⟩
[07],ndlyuH,"fell down from 
 a low place","1sg
 2sg
 3sg","ndlyonL
 ndlyuLH
 ndlyuH","ndlyonMH
 ndlyuLH
 ndlyuMH","ndlyonMS
 ndlyuLH
 ndlyuMS","tlyonMS
 tlyuLH
 tlyuMS",⟨h‑lh‑l⟩,⟨mh‑lh‑mh⟩,⟨ms‑lh‑ms⟩
[08],kwanH,blessed him,"1sg
 2sg
 3sg","kwanL
 kwanLH
 kwanH","ntkwanMH
 ntkwanLH
 ntkwanMH/H","ntkwanL
 ntkwanLH
 ntkwanL","kwanL
 kwanLH
 kwanL",⟨h‑lh‑l⟩,⟨mh/h‑lh‑mh⟩,⟨l‑lh‑l⟩
[09],ntiH,softened up,"1sg
 2sg
 3sg","ntenL
 ntiLH
 ntiH","ntenMH
 ntiLH
 ntiMH/H","ntenL
 ntiLH
 ntiMS","ktenL
 ktiLH
 ktiMS",⟨h‑lh‑l⟩,⟨mh/h‑lh‑mh⟩,⟨ms‑lh‑l⟩
[10],ntyjyuqH,got stuck in mud,"1sg
 2sg
 3sg","ntyjyonqL
 ntyjyuqLH
 ntyjyuqH","ntyjyonqMH/H
 ntyjyuqLH
 ntyjyuqH/MH","ntyjyonqL
 ntyjyuqLH
 ntyjyuqMS","kjyonqL
 kjyuqLH
 kjyuqMS",⟨h‑lh‑l⟩,⟨mh/h‑lh‑mh/h⟩,⟨ms‑lh‑l⟩
[11],xtiH,smoothed out,"1sg
 2sg
 3sg","xtenL/MS
 xtiLH
 xtiH","nxtenMH
 nxtiLH
 nxtiH","nxtenL
 nxtiLH
 nxtiMS","xtenL
 xtiLH
 xtiMS",⟨h‑lh‑l/ms⟩,⟨h‑lh‑mh⟩,⟨ms‑lh‑l⟩
[12],xtaH,choked,"1sg
 2sg
 3sg","xtanLS
 xtanLH
 xtaH","nxstanMH
 nxstanLH
 nxstanH","nxstanLS
 nxstanMS
 nxstanHL","xtanLS
 xtanMS
 xtanHL",⟨h‑lh‑ls⟩,⟨h‑lh‑mh⟩,⟨hl‑ms‑ls⟩
[13],nlyuH,"fell down (while 
 standing or walking)","1sg
 2sg
 3sg","nlyonMS
 nlyuLH
 nlyuH","nlyonMS
 nlyuLH
 nlyuH","nlyonMH
 nlyuLH
 nlyuMS","tlyonMH
 tlyuLH
 tlyuMS",⟨h‑lh‑ms⟩,⟨h‑lh‑ms⟩,⟨ms‑lh‑mh⟩
[14],kwiH,hung it,"1sg
 2sg
 3sg","kwenMS
 kwiLH
 kwiH","ndwenMS
 ndwiLH
 ndwiH","ndywenMS
 ndywiLH
 ndywiMS","tykwenMS
 tykwiLH
 tykwiMS",⟨h‑lh‑ms⟩,⟨h‑lh‑ms⟩,⟨ms‑lh‑ms⟩
[14],ntqoH,left,"1sg
 2sg
 3sg","ntqonMS
 ntqoLH
 ntqoH","ntqonMS
 ntqoLH
 ntqoH","ntyqonMS
 ntyqoLH
 ntyqoMS","tyqonMS
 tyqoLH
 tyqoMS",⟨h‑lh‑ms⟩,⟨h‑lh‑ms⟩,⟨ms‑lh‑ms⟩
[14],ntyqoH,resembled,"1sg
 2sg
 3sg","ntyqonMS
 ntyqoLH
 ntyqoH","ntyqonMS
 ntyqoLH
 ntyqoH","ntyqonMS
 ntyqoLH
 ntyqoMS","tyqonMS
 tyqoLH
 tyqoMS",⟨h‑lh‑ms⟩,⟨h‑lh‑ms⟩,⟨ms‑lh‑ms⟩
[15],ynoH,stayed behind,"1sg
 2sg
 3sg","ynonMS
 ynoLH
 ynoH","ntqenMS
 ntqenLH
 ntqenL","nnonMS
 nnoLH
 nnoH","knonMS
 knoLH
 knoH",⟨h‑lh‑ms⟩,⟨lh‑lh‑ms⟩,⟨h‑lh‑ms⟩
[16],nchinH,knotted,"1sg
 2sg
 3sg","nchinL
 nchinMH
 nchinH","nchinMH
 nchinMH
 nchinH","nchinL
 nchinLH
 nchinMS","kchinL
 kchinLH
 kchinMS",⟨h‑mh‑l⟩,⟨h‑mh‑mh⟩,⟨ms‑lh‑l⟩
[17],senH,spread around,"1sg
 2sg
 3sg","nsenL
 nseMH
 nsenH","nsenMH
 nsenMH
 nsenMH","nsenL
 nsenLH
 nsenMS","ksenL
 ksenLH
 ksenMS",⟨h‑mh‑l⟩,⟨mh‑mh‑mh⟩,⟨ms‑lh‑l⟩
[18],xneHL,confessed,"1sg
 2sg
 3sg","xnenLS
 xneMH
 xneHL","nxnenLS
 nxneMH
 nxneHS","nxnenLS
 nxneMS
 nxneHL","xnenLS
 xneMS
 xneHL",⟨hl‑mh‑ls⟩,⟨hs‑mh‑ls⟩,⟨hl‑ms‑ls⟩
[19],slyaML,agreed,"1sg
 2sg
 3sg","slyanML
 slyaMH
 slyaHL","nslyanMH
 nslyaMH
 nslyaHL","nxlyanML
 nxlyaLH
 nxlyaML","xlyanML
 xlyaLH
 xlyaML",⟨hl‑mh‑ml⟩,⟨hl‑mh‑mh⟩,⟨ml‑lh‑ml⟩
[20],kwaHL,sat,"1sg
 2sg
 3sg","kwanLS
 kwaMS
 kwaHL","ntkwanLS
 ntkwaH
 ntkwaHL","ntykwanLS
 ntykwaMS
 ntykwaHL","tykwanLS
 tykwaMS
 tykwaHL",⟨hl‑ms‑ls⟩,⟨hl‑h‑ls⟩,⟨hl‑ms‑ls⟩
[21],lyaHL,peeled off,"1sg
 2sg
 3sg","lyanLS
 lyaMS
 lyaHL","nlyanLS
 nlyaH
 nlyaHS","nlyanLS
 nlyaMS
 nlyaHL","jlyanLS
 jlyaMS
 jlyaHL",⟨hl‑ms‑ls⟩,⟨hs‑h‑ls⟩,⟨hl‑ms‑ls⟩
[21],sneHL,sprinkled,"1sg
 2sg
 3sg","snenLS
 sneMS
 sneHL","nsnenLS
 nsneH
 nsneHS","nsnenLS
 nsneMS
 nsneHL","snenLS
 sneMS
 sneHL",⟨hl‑ms‑ls⟩,⟨hs‑h‑ls⟩,⟨hl‑ms‑ls⟩
[21],sqweHL,divided up,"1sg
 2sg
 3sg","sqwenLS
 sqweMS
 sqweHL","nsqwenLS
 nsqweH
 nsqweHS","nsqwenLS
 nsqweMS
 nsqweHL","sqwenLS
 sqweMS
 sqweHL",⟨hl‑ms‑ls⟩,⟨hs‑h‑ls⟩,⟨hl‑ms‑ls⟩
[21],stanHL,peeled off,"1sg
 2sg
 3sg","stanLS
 stanMS
 stanHL","nstanLS
 nstanH
 nstanHS","nstanLS
 nstanMS
 nstanHL","stanLS
 stanMS
 stanHL",⟨hl‑ms‑ls⟩,⟨hs‑h‑ls⟩,⟨hl‑ms‑ls⟩
[21],xkwanHL,sewed,"1sg
 2sg
 3sg","xkwanLS
 xkwanMS
 xkwanHL","nxkwanLS
 nxkwanH
 nxkwanHS","nxkwanLS
 nxkwanMS
 nxkwanHL","xkwanLS
 xkwanMS
 xkwanHL",⟨hl‑ms‑ls⟩,⟨hs‑h‑ls⟩,⟨hl‑ms‑ls⟩
[21],xkwenHL,answered,"1sg
 2sg
 3sg","xkwenLS
 xkwenMS
 xkwenHL","nxkwenLS
 nxkwenH
 nxkwenHS","nxkwenLS
 nxkwenMS
 nxkwenHL","xkwenLS
 xkwenMS
 xkwenHL",⟨hl‑ms‑ls⟩,⟨hs‑h‑ls⟩,⟨hl‑ms‑ls⟩
[22],neHL,confessed,"1sg
 2sg
 3sg","nenLS
 neMS
 neHL","nnenLS
 nneHS
 nneHS","nninLS
 nniMS
 nniHL","nninLS
 nniMS
 nniHL",⟨hl‑ms‑ls⟩,⟨hs‑hs‑ls⟩,⟨hl‑ms‑ls⟩
[22],nyaHL,built,"1sg
 2sg
 3sg
 1incl","nyanLS
 nyaMS
 nyaHL","nnyanLS
 nnyaHS
 nnyaHS","nnyanLS
 nnyaMS
 nnyaHL","knyanLS
 knyaMS
 knyaHL
 knyaHS",⟨hl‑ms‑ls⟩,⟨hs‑hs‑ls⟩,⟨hl‑ms‑ls⟩
[22],nyiHL,dug a hole,"1sg
 2sg
 3sg","nyinLS
 nyiMS
 nyiHL","nnyinLS
 nnyiHS
 nnyiHS","nnyinLS
 nnyiMS
 nnyiHL","knyinLS
 knyiMS
 knyiHL",⟨hl‑ms‑ls⟩,⟨hs‑hs‑ls⟩,⟨hl‑ms‑ls⟩
[23],ntsonHL,warmed up,"1sg
 2sg
 3sg","ntsonLS
 ntsonMS
 ntsonHL","ntsonLS
 ntsonMS
 ntsonHS","ntsonLS
 ntsonMS
 ntsonHL","ktsonLS
 ktsonMS
 ktsonHL",⟨hl‑ms‑ls⟩,⟨hs‑ms‑ls⟩,⟨hl‑ms‑ls⟩
[23],nyaHL,trembled,"1sg
 2sg
 3sg
 1incl","nyanLS
 nyaMS
 nyaHL","nnyanLS
 nnyaMS
 nnyaHS","nnyanLS
 nnyaMS
 nnyaHL","knyanLS
 knyaMS
 knyaHL
 knyaHS",⟨hl‑ms‑ls⟩,⟨hs‑ms‑ls⟩,⟨hl‑ms‑ls⟩
[23],quHL,showed,"1sg
 2sg
 3sg","qonLS
 quMS
 quHL","ntqonLS
 ntquMS
 ntquHS","ntqonLS
 ntquMS
 ntquHL","qonLS
 quMS
 quHL",⟨hl‑ms‑ls⟩,⟨hs‑ms‑ls⟩,⟨hl‑ms‑ls⟩
[23],sluHL,spilled,"1sg
 2sg
 3sg","slonLS
 sluMS
 sluHL","nslonLS
 nsluMS
 nsluHS","nslonLS
 nsluMS
 nsluHL","slonLS
 sluMS
 sluHL",⟨hl‑ms‑ls⟩,⟨hs‑ms‑ls⟩,⟨hl‑ms‑ls⟩
[23],sqwaHL,put in,"1sg
 2sg
 3sg","sqwanLS
 sqwaMS
 sqwaHL","ntsqwanLS
 ntsqwaMS
 ntsqwaHS","nsqwanLS
 nsqwaMS
 nsqwaHL","sqwanLS
 sqwaMS
 sqwaHL",⟨hl‑ms‑ls⟩,⟨hs‑ms‑ls⟩,⟨hl‑ms‑ls⟩
[24],ntykwanHL,trembled,"1sg
 2sg
 3sg","ntykwanLS
 ntykwanMS
 ntykwanHL","ntykwanLS
 ntykwanH
 ntykwanLM","ntykwanLS
 ntykwaMS
 ntykwanHL","tykwanLS
 tykwanMS
 tykwanHL",⟨hl‑ms‑ls⟩,⟨lm‑h‑ls⟩,⟨hl‑ms‑ls⟩
[25],naqHL,washed hands,"1sg
 2sg
 3sg","nanqLS
 naqMS
 naqHL","nnanqLS
 nnaqH
 nnaqM","nnyanqLS
 nnyaqMS
 nnyaqHL","nyanqLS
 nyaqMS
 nyaqHL",⟨hl‑ms‑ls⟩,⟨m‑h‑ls⟩,⟨hl‑ms‑ls⟩
[25],nyiHL,confessed,"1sg
 2sg
 3sg","nyinLS
 nyiMS
 nyiHL","nnyinLS
 nnyiH
 nnyiM","nnyinLS
 nnyiMS
 nnyiHL","nyinLS
 nyiMS
 nyiHL",⟨hl‑ms‑ls⟩,⟨m‑h‑ls⟩,⟨hl‑ms‑ls⟩
[25],swiqHL,turned off,"1sg
 2sg
 3sg","swenqLS
 swiqMS
 swiqHL","nswenqLS
 nswiqH
 nswiqM","nswenqLS
 nswiqMS
 nswiqHL","swenqLS
 swiqMS
 swiqHL",⟨hl‑ms‑ls⟩,⟨m‑h‑ls⟩,⟨hl‑ms‑ls⟩
[26],yluHL/LM,grew,"1sg
 2sg
 3sg","ylonLS
 yluH
 yluHL/LM","ndlonLM
 ndluH
 ndluM/LM","ndlyonLS
 ndlyuMS
 ndlyuHL","klonLS
 kluMS
 kluHL",⟨hl/lm‑h‑ls⟩,⟨m/lm‑h‑lm⟩,⟨hl‑ms‑ls⟩
[27],xtyiqHS,untied,"1sg
 2sg
 3sg","xtenqLS
 xtyiqMS
 xtyiqHS","nxtenqLS
 nxtyiqMS
 nxtyiqHS","nxtenqLS
 nxtyiqMS
 nxtyiqHL","xtenqLS
 xtyiqMS
 xtyiqHL",⟨hs‑ms‑ls⟩,⟨hs‑ms‑ls⟩,⟨hl‑ms‑ls⟩
[28],xqwaHS/HL,paid,"1sg
 2sg
 3sg","xqwanLS
 xqwaMS
 xqwaHS/HL","nxqwanLS
 nxqwaH
 nxqwaHS","nxqwanLS
 nxqwaMS
 nxqwaHS","xqwanLS
 xqwaMS
 xqwaHS",⟨hs/hl‑ms‑ls⟩,⟨hs‑h‑ls⟩,⟨hs‑ms‑ls⟩
[29],nchuqL,pooped,"1sg
 2sg
 3sg","nchonqH
 nchuqLH
 nchuqL","nchonqH
 nchuqLH
 nchuqMH","nchonqMS
 nchonqLH
 nchuqL","kchonMS
 kchonqLH
 kchuqL",⟨l‑lh‑h⟩,⟨mh‑lh‑h⟩,⟨l‑lh‑ms⟩
[29],ykuL,ate,"1sg
 2sg
 3sg","ykonH
 ykuLH
 ykuL","ntykonH
 ntykuLH
 ntykuMH","ntykonMS
 ntykuLH
 ntykuL","konMS
 kuLH
 kuL",⟨l‑lh‑h⟩,⟨mh‑lh‑h⟩,⟨l‑lh‑ms⟩
[29],ykwiqL,spoke,"1sg
 2sg
 3sg","ykwenqH
 ykwiqLH
 ykwiqL","ntykwenqH
 ntykwiqLH
 ntykwiqMH","ntykwenqMS
 ntykwiqLH
 ntykwiqL","tykwenqMS
 tykwiqLH
 tykwiqL",⟨l‑lh‑h⟩,⟨mh‑lh‑h⟩,⟨l‑lh‑ms⟩
[29],ylaqL,touched,"1sg
 2sg
 3sg","ylanqH
 ylaqLH
 ylaqL","nlanqH
 nlaqLH
 nlaqMH","nlyanqMS
 nlyaqLH
 nlyaqL","klanqMS
 klaqLH
 klaqL",⟨l‑lh‑h⟩,⟨mh‑lh‑h⟩,⟨l‑lh‑ms⟩
[29],ytaL,planted,"1sg
 2sg
 3sg","ytanH
 ytaLH
 ytaL","ntanH
 ntaLH
 ntaMH","ntyanMS
 ntyaLH
 ntyanL","ktanMS
 ktaLH
 ktaL",⟨l‑lh‑h⟩,⟨mh‑lh‑h⟩,⟨l‑lh‑ms⟩
[29],ytiqL,sucked,"1sg
 2sg
 3sg","ytenqH
 ytiqLH
 ytiqL","ntenqH
 ntiqLH
 ntiqMH","ntyinqMS
 ntyiqLH
 ntyiqL","ktenqMS
 ktiqLH
 ktiqL",⟨l‑lh‑h⟩,⟨mh‑lh‑h⟩,⟨l‑lh‑ms⟩
[30],ndyiL,finished,"1sg
 2sg
 3sg","ndyinL
 ndyiLH
 ndyiL","ndyinMH
 ndyiLH
 ndyiMH","ndyinL
 ndyiLH
 ndyiL","tyinL
 tyiLH
 tyiL",⟨l‑lh‑l⟩,⟨mh‑lh‑mh⟩,⟨l‑lh‑l⟩
[30],ntykwaL,reached,"1sg
 2sg
 3sg","ntykwanL
 ntykwaLH
 ntykwaL","ntykwanMH
 ntykwaLH
 ntykwaMH","ntykwanL
 ntykwaLH
 ntykwaL","tykwanL
 tykwaLH
 tykwaL",⟨l‑lh‑l⟩,⟨mh‑lh‑mh⟩,⟨l‑lh‑l⟩
[30],ykwaqL,dripped,"1sg
 2sg
 3sg","ykwanqL
 ykwaqLH
 ykwaqL","ntykwanqMH
 ntykwaqLH
 ntykwaqMH","ntykwanqL
 ntykwaqLH
 ntykwaqL","tykwanqL
 tykwaqLH
 tykwaqL",⟨l‑lh‑l⟩,⟨mh‑lh‑mh⟩,⟨l‑lh‑l⟩
[30],ytaL,waited,"1sg
 2sg
 3sg","ytanL
 ytaLH
 ytaL","ntanMH
 ntaLH
 ntaMH","ntyanL
 ntyaLH
 ntyanL","ktanL
 ktaLH
 ktaL",⟨l‑lh‑l⟩,⟨mh‑lh‑mh⟩,⟨l‑lh‑l⟩
[31],qanL,sat,"1sg
 2sg
 3sg","qanMS
 qanLH
 qanL","nkqanH
 nkqanLH
 nkqanL","ntyqanMS
 ntyqanLH
 ntyqanL","tyqanMS
 tyqanLH
 tyqanL",⟨l‑lh‑ms⟩,⟨l‑lh‑h⟩,⟨l‑lh‑ms⟩
[32],qenL,existed,"1sg
 2sg
 3sg","qenMS
 qenLH
 qenL","ntqenMS
 ntqeLH
 ntqenL","ntyqinMS
 ntyqinLH
 ntyqinL","tyqinMS
 tyqinLH
 tyqinL",⟨l‑lh‑ms⟩,⟨l‑lh‑ms⟩,⟨l‑lh‑ms⟩
[32],yqwiL,existed,"1sg
 2sg
 3sg","yqwenMS
 yqwiLH
 yqwiL","sqwenMS
 sqwiLH
 sqwiL","ntyqwenMS
 ntyqwiLH
 ntyqwiL","tyqwenMS
 tyqwiLH
 tyqwiL",⟨l‑lh‑ms⟩,⟨l‑lh‑ms⟩,⟨l‑lh‑ms⟩
[33],stiL,laid on the ground,"1sg
 2sg
 3sg","stenMS
 stiLH
 stiL","nsonMS
 nsuMH
 nsuLH","nxtyinMS
 nxtyinLH
 nxtyiL","xtyinMS
 xtyiLH
 xtyiL",⟨l‑lh‑ms⟩,⟨lh‑mh‑ms⟩,⟨l‑lh‑ms⟩
[34],qanL,went around,"1sg
 2sg
 3sg","qanMS
 qanLH
 qanL","ntqanH
 ntqanLH
 ntqanMH","ntyqanMS
 ntyqanLH
 ntyqanL","tyqanMS
 tyqanLH
 tyqanL",⟨l‑lh‑ms⟩,⟨mh‑lh‑h⟩,⟨l‑lh‑ms⟩
[35],yjoqL/H,poked,"1sg
 2sg
 3sg","yjonqH
 yjoqLH
 yjoqL/H","ntjonqH
 ntjoqLH
 ntjoqMH","ntyjonqMS
 ntyjoqLH
 ntyjoqL/MS","kjonqMS
 kjoqLH
 kjoqL/MS",⟨l/h‑lh‑h⟩,⟨mh‑lh‑h⟩,⟨l/ms‑lh‑ms⟩
[36],ntyiL/H,"dried, erased","1sg
 2sg
 3sg
 1incl","ntyinL
 ntyiLH
 ntyiL/H
 ntyinHinH","ntyinMH
 ntyiLH
 ntyiMH/H","ntyinL
 ntyiLH
 ntyiMS","ktyinL
 ktyiLH
 ktyiMS",⟨l/h‑lh‑l⟩,⟨mh/h‑lh‑mh⟩,⟨ms‑lh‑l⟩
[37],ntyjanqL,infected,"1sg
 2sg
 3sg
 1incl","ntyjanqLS
 ntyjanqLH
 ntyjanqL/H
 ntyjanqHanH","ntyjanqMH
 ntyjanqLH
 ntyjanqMH
 ntyjanqMHanH","ntyjanqL
 ntyjanqLH
 ntyjanqL/MS","tyjanqL
 tyjanqLH
 tyjanqL/MS",⟨l/h‑lh‑ls⟩,⟨mh‑lh‑mh⟩,⟨l/ms‑lh‑l⟩
[38],ndonLH,stood,"1sg
 2sg
 3sg","ndonH
 ndonMH
 ndonLH","ndonMS
 ndonMH
 ndonLH","ndyonMS
 ndyonLH
 ndyonML","tyonMS
 tyonLH
 tyonML",⟨lh‑mh‑h⟩,⟨lh‑mh‑ms⟩,⟨ml‑lh‑ms⟩
[39],qneLH,did,"1sg
 2sg
 3sg","qnenH
 qneMH
 qneLH","nqnenH
 nqneMH
 nqneMH","nqnenMS
 nqneLH
 nqneML","qnenMS
 qneLH
 qneML",⟨lh‑mh‑h⟩,⟨mh‑mh‑h⟩,⟨ml‑lh‑ms⟩
[40],jlyaLH,farted,"1sg
 2sg
 3sg","jlyanHL
 jlyaMH
 jlyaLH","ntjlyanMH
 ntjlyaMH
 ntjlyaMH","ntjlyanHL
 ntjlyaLH
 ntjlyaHL","jlyanHL
 jlyaLH
 jlyaHL",⟨lh‑mh‑hl⟩,⟨mh‑mh‑mh⟩,⟨hl‑lh‑hl⟩
[41],neLH,sounded,"1sg
 2sg
 3sg","nenL
 neMH
 neLH","nnenH
 nneMH
 nneMH","nnenHL
 nneLH
 nneHL","knenHL
 kneLH
 kneHL",⟨lh‑mh‑l⟩,⟨mh‑mh‑h⟩,⟨hl‑lh‑hl⟩
[42],ntonLH,grew,"1sg
 2sg
 3sg","ntonL
 ntonMH
 ntonLH","ntonH
 ntonMH
 ntonMH","ntyonLS
 ntyonMS
 ntyonHL","ktonLS
 ktonMS
 ktonHL",⟨lh‑mh‑l⟩,⟨mh‑mh‑h⟩,⟨hl‑ms‑ls⟩
[43],ntonLM,reproduced oneself,"1sg
 2sg
 3sg
 1incl","ntonL
 ntonMH
 ntonLH","ntonMH
 ntonMH
 ntonMH
 ntonMHonMH","ntyonLS
 ntyonLH
 ntyonHL","ktonLS
 ktonLH
 ktonHL",⟨lh‑mh‑l⟩,⟨mh‑mh‑mh⟩,⟨hl‑lh‑ls⟩
[44],ytsenLH,got scared,"1sg
 2sg
 3sg","ytsenL
 ytsenMH
 ytsenLH","ntsenMH
 ntsenMH
 ntsenMH","ntsenL
 ntsenLS
 ntsenHL","ktsenL
 ktsenLS
 ktsenHL",⟨lh‑mh‑l⟩,⟨mh‑mh‑mh⟩,⟨hl‑ls‑l⟩
[45],ntsaqLH,got wet,"1sg
 2sg
 3sg","ntsanqL
 ntsaqMH
 ntsaqLH","ntsanqMH
 ntsaqMH
 ntsaqMH","nchanqL
 nchaqLH
 nchaqL","ksanqL
 ksaqLH
 ksaqL",⟨lh‑mh‑l⟩,⟨mh‑mh‑mh⟩,⟨l‑lh‑l⟩
[46],ntsuLH,blossomed,"1sg
 2sg
 3sg","ntsonL
 ntsuMH
 ntsuLH","ntsonMH
 ntsuMH
 ntsuMH","ntsonL
 nchuLH
 nchuML","ktsonL
 ktsuLH
 ktsuML",⟨lh‑mh‑l⟩,⟨mh‑mh‑mh⟩,⟨ml‑lh‑l⟩
[46],nchaqLH,dampened,"1sg
 2sg
 3sg","nchanqL
 nchaqMH
 nchaqLH","nchanqMH
 nchaqMH
 nchaqMH","nchanqL
 nchaqLH
 nchaqML","kchanqL
 kchaqLH
 kchaqML",⟨lh‑mh‑l⟩,⟨mh‑mh‑mh⟩,⟨ml‑lh‑l⟩
[46],ndenLH,carried,"1sg
 2sg
 3sg","ndenL
 ndenMH
 ndenLH","ndenMH
 ndenMH
 ndenMH","ndenL
 ndenLH
 ndenML","tenL
 tenLH
 tenML",⟨lh‑mh‑l⟩,⟨mh‑mh‑mh⟩,⟨ml‑lh‑l⟩
[46],ntsenLH,got scared,"1sg
 2sg
 3sg","ntsenL
 ntsenMH
 ntsenLH","ntsenMH
 ntsenMH
 ntsenMH","ntsenL
 ntsenLH
 ntsenML","ktsenL
 ktsenLH
 ktsenML",⟨lh‑mh‑l⟩,⟨mh‑mh‑mh⟩,⟨ml‑lh‑l⟩
[46],stonLH,plucked,"1sg
 2sg
 3sg","stonL
 stonMH
 stonLH","nstonMH
 nstonMH
 nstonMH","nstonL
 nstonLH
 nstonML","stonL
 stonLH
 stonML",⟨lh‑mh‑l⟩,⟨mh‑mh‑mh⟩,⟨ml‑lh‑l⟩
[46],yjwiLH,hit someone,"1sg
 2sg
 3sg","yjwenL
 yjwiMH
 yjwiLH","ntjwenMH
 ntjwiMH
 ntjwiMH","ntjwenL
 ntjwiLH
 ntjwiML","kjwenL
 kjwiLH
 kjwiML",⟨lh‑mh‑l⟩,⟨mh‑mh‑mh⟩,⟨ml‑lh‑l⟩
[46],ynaLH,heard,"1sg
 2sg
 3sg","ynanL
 ynaMH
 ynaLH","nnanMH
 nnaMH
 nnaMH","nanL
 naLH
 naML","knanML
 knaLH
 knaML",⟨lh‑mh‑l⟩,⟨mh‑mh‑mh⟩,⟨ml‑lh‑l⟩
[47],ntykonqLH,shrank,"1sg
 2sg
 3sg","ntykonqHL
 ntykonqMH
 ntykonqLH","ntykonqH
 ntykonqMH
 ntykonqMH","NtykonqHL
 ntykonqLH
 ntykonqHL","tykonqHL
 tykonqLH
 tykonqHL",⟨lh‑mh‑lh⟩,⟨mh‑mh‑h⟩,⟨hl‑lh‑hl⟩
[48],xlyuLH,turned around,"1sg
 2sg
 3sg","xlyonLH
 xlyuMH
 xlyuLH","nxlyonMH
 nxlyuMH
 nxlyuMH","nxlyonL
 nxlyuLH
 nxlyuLH","xlyonL
 xlyuLH
 xlyuLH",⟨lh‑mh‑lh⟩,⟨mh‑mh‑mh⟩,⟨lh‑lh‑l⟩
[49],ndlyuLH,turned around,"1sg
 2sg
 3sg","ndlyonLH
 ndlyuMH
 ndlyuLH","ndlyonMH
 ndlyuMH
 ndlyuMH","ndlyonLH
 ndlyuLH
 ndlyuLH","tlyonLH
 tlyuLH
 tlyuLH",⟨lh‑mh‑lh⟩,⟨mh‑mh‑mh⟩,⟨lh‑lh‑lh⟩
[50],nduqLH,coughed,"1sg
 2sg
 3sg","ndonqLH
 nduqMH
 nduqLH","ndonqMH
 nduqMH
 nduqMH","ndyonqML
 ndyuqLH
 ndyuqML","tyonqML
 tyuqLH
 tyuqML",⟨lh‑mh‑lh⟩,⟨mh‑mh‑mh⟩,⟨ml‑lh‑ml⟩
[50],ngeLH,endured,"1sg
 2sg
 3sg","nginLH
 ngeMH
 ngeLH","ndyinMH
 ndyeMH
 ndyeMH","ndyinML
 ndyeLH
 ndyeML","kiinML
 keeLH
 keeML",⟨lh‑mh‑lh⟩,⟨mh‑mh‑mh⟩,⟨ml‑lh‑ml⟩
[50],nkqwaLH,got cold,"1sg
 2sg
 3sg","nkqwanLH
 nkqwaMH
 nkqwaLH","ntqwanMH
 ntqwaMH
 ntqwaMH","ntyqwanML
 ntyqwaLH
 ntyqwaML","kqwanML
 kqwaLH
 kqwaML",⟨lh‑mh‑lh⟩,⟨mh‑mh‑mh⟩,⟨ml‑lh‑ml⟩
[50],qyaLH,came down,"1sg
 2sg
 3sg","qyanLH
 qyaMH
 qyaLH","ntqyanMH
 ntqyaMH
 ntqyaMH","ntqyanML
 ntqyaLH
 ntqyaML","kqyanML
 kqyaLH
 kqyaML",⟨lh‑mh‑lh⟩,⟨mh‑mh‑mh⟩,⟨ml‑lh‑ml⟩
[51],nkjwiLH,died,"1sg
 2sg
 3sg","nkjwenLS
 nkjwiMH
 nkjwiLH","ntyjinMH
 ntyjiLH
 ntyjiMH","ntyjinL
 ntyjiLH
 ntyjiL","kjanL
 kjaLH
 kjaL",⟨lh‑mh‑ls⟩,⟨mh‑lh‑mh⟩,⟨l‑lh‑l⟩
[52],xinLH,"got poison 
 e.g. poison oak","1sg
 2sg
 3sg","xinLS
 xinMH
 xinLH","nxinH
 nxinMH
 nxinMH","nxinL
 nxinLH
 nxinHL","kxinL
 kxinLH
 xinHL",⟨lh‑mh‑ls⟩,⟨mh‑mh‑h⟩,⟨hl‑lh‑l⟩
[53],nxinLH,reproduced,"1sg
 2sg
 3sg","nxinLS
 nxinMH
 nxinLH","nxinMH
 nxinMH
 nxinMH","nxinL
 nxinMS
 nxinHL","kxinL
 kxinMS
 kxinHL",⟨lh‑mh‑ls⟩,⟨mh‑mh‑mh⟩,⟨hl‑ms‑l⟩
[54],nkyaLH,came home,"1sg
 2sg
 3sg","nkyqanMH
 nkyaMH
 nkyaLH","jyanLH
 jyanLH
 jyanHL","nkyanML
 nkyaLH
 nkyaML","kyanML
 kyanLH
 yanL",⟨lh‑mh‑mh⟩,⟨hl‑lh‑lh⟩,⟨ml‑lh‑ml⟩
[55],yaLH,went away,"1sg
 2sg
 3sg","yqanMH
 yaMH
 yaLH","nkyqanML
 nkyaLH
 nkyaL","ntyqanMS
 ntyqaLH
 ntyqanL","sqanML
 tsaLH
 tsaML",⟨lh‑mh‑mh⟩,⟨l‑lh‑ml⟩,⟨l‑lh‑ms⟩
[56],ngyaLH,went back home,"1sg
 2sg
 3sg","nkyqanMH
 ngyaMH
 ngyaLH","nkyqanML
 nkyaLH
 nkyaML","nkyqanML
 nkyaLH
 nkyaML","kyqanML
 kyaLH
 kyaML",⟨lh‑mh‑mh⟩,⟨ml‑lh‑ml⟩,⟨ml‑lh‑ml⟩
[57],ntsaML,divided up,"1sg
 2sg
 3sg","ntsanML
 ntsaMH
 ntsaLH","ntsanH
 ntsanMH
 ntsaH","ntsanML
 ntsaLH
 ntsaML","ktsanML
 ktsaLH
 ktsaML",⟨lh‑mh‑ml⟩,⟨h‑mh‑h⟩,⟨ml‑lh‑ml⟩
[58],xkonqLH,"dressed or 
 covered someone","1sg
 2sg
 3sg","xkonqML
 xkuqMH
 xkuqLH","nxkonqH
 nxkuqH
 nxkuqM","nxkonqMS
 nxkonqMS
 nxkonqHL","xkonqMS
 xkonqMS
 xkonqHL",⟨lh‑mh‑ml⟩,⟨m‑h‑h⟩,⟨hl‑ms‑ms⟩
[59],qeLH,licked,"1sg
 2sg
 3sg
 1incl","qenML
 qeMH
 qeLH","ntqenH
 ntqeMH
 ntqeMH","ntyqinML
 ntyqeLH
 ntyqeML
 ntyqeMLenMH","qinML
 qeLH
 qeML
 qeMLenMH",⟨lh‑mh‑ml⟩,⟨mh‑mh‑h⟩,⟨ml‑lh‑ml⟩
[60],nkonqLH,pecked at,"1sg
 2sg
 3sg","nkonqML
 nkonqMH
 nkonqLH","ntkonqMH
 ntkonqMH
 ntkonqMH","ntkonqML
 ntkonqLH
 ntkonqML","konqML
 konqLH
 konqML",⟨lh‑mh‑ml⟩,⟨mh‑mh‑mh⟩,⟨ml‑lh‑ml⟩
[60],yqanLH,washed,"1sg
 2sg
 3sg","yqanML
 yqanMH
 yqanLH","ntyqanMH
 ntyqanMH
 ntyqanMH","ntyqanML
 ntyqanLH
 ntyqanML","yqanML
 yqanLH
 yqanML",⟨lh‑mh‑ml⟩,⟨mh‑mh‑mh⟩,⟨ml‑lh‑ml⟩
[61],yjaqLM,slept,"1sg
 2sg
 3sg","yjanqH
 yjaqH
 yjaqLM","ntjanqMS
 ntjaqMS
 ntjaqHL","ntyjanqMS
 ntyjaqMS
 ntyjaqHL","kjanqMS
 kjaqMS
 kjaqHL",⟨lm‑h‑h⟩,⟨hl‑ms‑ms⟩,⟨hl‑ms‑ms⟩
[62],ytsaqLM,told,"1sg
 2sg
 3sg","ytsanqH
 ytsaqH
 ytsaqLM","ntsanqH
 ntsaqH
 ntsaqLM","ntsanqMS
 ntsaqMS
 ntsaqHL","ktsanqMS
 ktsaqMS
 ktsaqHL",⟨lm‑h‑h⟩,⟨lm‑h‑h⟩,⟨hl‑ms‑ms⟩
[63],nsuqLM,was aging,"1sg
 2sg
 3sg","nsonqLM
 nsuqH
 nsuqLM","nsonqLM
 nsuqH
 nsuqLM","nsonqLS
 nsuqMS
 nsuqHL","ksonqLS
 ksuqMS
 ksuqHL",⟨lm‑h‑lm⟩,⟨lm‑h‑lm⟩,⟨hl‑ms‑ls⟩
[64],ndyaLM,"returned a 
 borrowed object","1sg
 2sg
 3sg","ndyanLM
 ndyanH
 ndyaLM","ndyanLM
 ndyanH
 ndyaLM","ndyanLM
 ndyaH
 ndyaLM","tyanLM
 tyaH
 tyaLM",⟨lm‑h‑lm⟩,⟨lm‑h‑lm⟩,⟨lm‑h‑lm⟩
[64],ngylaLM,melted,"1sg
 2sg
 3sg","ngylanLM
 ngylaH
 ngylaLM","ndylanLM
 ndylaH
 ndylaLM","ngylanLM
 ngylaH
 ngylaLM","nkylanLM
 nkylaH
 nkylaLM",⟨lm‑h‑lm⟩,⟨lm‑h‑lm⟩,⟨lm‑h‑lm⟩
[64],xlaLM,melted,"1sg
 2sg
 3sg","xlanLM
 xlaH
 xlaLM","nxlanLM
 nxlaH
 nxlaLM","nxlanLM
 nxlaH
 nxlaLM","xlanLM
 xlaH
 xlaLM",⟨lm‑h‑lm⟩,⟨lm‑h‑lm⟩,⟨lm‑h‑lm⟩
[65],jwiLM,got something,"1sg
 2sg
 3sg","jwenLM
 jwiH
 jwiLM","ntyjinLS
 ntyjiH
 ntyjiM","ntyjinLS
 ntyjiMS
 ntyjiHL","janLS
 jaMS
 jaHL",⟨lm‑h‑lm⟩,⟨m‑h‑ls⟩,⟨hl‑ms‑ls⟩
[66],ntsiqLM,buried,"1sg
 2sg
 3sg","ntsenqLS
 ntsiqH
 ntsiqLM","ntsenqLM
 ntsiqH
 ntsiqLM","ntsenqLS
 ntsiqMS
 ntsiqHL","ktsenqLS
 ktsiqMS
 ktsiqHL",⟨lm‑h‑ls⟩,⟨lm‑h‑lm⟩,⟨hl‑ms‑ls⟩
[67],nkwaLM,strained,"1sg
 2sg
 3sg","nkwanLS
 nkwaH
 nkwaLM","ntkwanLS
 ntkwaH
 ntkwaLM","ntkwanLS
 ntkwaH
 ntykwaHL","kwanLS
 kwaH
 kwaHL",⟨lm‑h‑ls⟩,⟨lm‑h‑ls⟩,⟨hl‑h‑ls⟩
[68],kwaLM,swept,"1sg
 2sg
 3sg","kwanLS
 kwaH
 kwaLM","ntkwanLS
 ntkwaH
 ntkwaLM","ntkwanLS
 ntkwaMS
 ntkwaHL","kwanLS
 kwaMS
 kwaHL",⟨lm‑h‑ls⟩,⟨lm‑h‑ls⟩,⟨hl‑ms‑ls⟩
[68],ntenLM,entered,"1sg
 2sg
 3sg","ntenLS
 ntenH
 ntenLM","ntenLS
 ntenH
 ntenLM","ntenLS
 ntenMS
 ntenHL","stenLS
 stenMS
 stenHL",⟨lm‑h‑ls⟩,⟨lm‑h‑ls⟩,⟨hl‑ms‑ls⟩
[68],ntkonqLM,"closed, covered","1sg
 2sg
 3sg","ntkonqLS
 ntkonqH
 ntkonqLM","ntkonqLS
 ntkonqH
 ntkonqLM","ntkonqLS
 ntkonqMS
 ntkonqHL","skonqLS
 skonqMS
 skonqHL",⟨lm‑h‑ls⟩,⟨lm‑h‑ls⟩,⟨hl‑ms‑ls⟩
[68],ntyinqLM,closed eyes,"1sg
 2sg
 3sg","ntyinqLS
 ntyinqH
 ntyinqLM","ntyinqLS
 ntyinqH
 ntyinqLM","ntyinqLS
 ntyinqMS
 ntyinqHL","ktyinqLS
 ktyinqMS
 ktyinqHL",⟨lm‑h‑ls⟩,⟨lm‑h‑ls⟩,⟨hl‑ms‑ls⟩
[68],ntykanqLM,was tied,"1sg
 2sg
 3sg","ntykanqLS
 ntykanqH
 ntykanqLM","ntykanqLS
 ntykanqH
 ntykanqLM","ntykanqLS
 ntykanqMS
 ntykanqHL","tykanqLS
 tykanqMS
 tykanqHL",⟨lm‑h‑ls⟩,⟨lm‑h‑ls⟩,⟨hl‑ms‑ls⟩
[68],ntykwenLM,climbed,"1sg
 2sg
 3sg","ntykwenLS
 ntykwenH
 ntykwenLM","ntykwenLS
 ntykwenH
 ntykwenLM","ntykwenLS
 ntykwenMS
 ntykwenHL","tykwenLS
 tykwenMS
 tykwenHL",⟨lm‑h‑ls⟩,⟨lm‑h‑ls⟩,⟨hl‑ms‑ls⟩
[68],qyaLM,bought or carried,"1sg
 2sg
 3sg","qyanLS
 qyaH
 qyaLM","ntyqyanLS
 ntyqyaH
 ntyqyaLM","ntyqyanLS
 ntyqyaMS
 ntyqyaHL","qyanLS
 qyaMS
 qyaHL",⟨lm‑h‑ls⟩,⟨lm‑h‑ls⟩,⟨hl‑ms‑ls⟩
[68],skanqLM,tied up,"1sg
 2sg
 3sg","skanqLS
 skanqH
 skanqLM","ntskanqLS
 ntskanqH
 ntskanqLM","ntskanqLS
 ntskanqMS
 ntskanqHL","skanqLS
 skanqMS
 skanqHL",⟨lm‑h‑ls⟩,⟨lm‑h‑ls⟩,⟨hl‑ms‑ls⟩
[68],skonqLM,closed,"1sg
 2sg
 3sg","skonqLS
 skonqH
 skonqLM","ntskonqLS
 ntskonqH
 ntskonqLM","ntkonqLS
 ntkonqMS
 ntskonqHL","skonqLS
 skonqMS
 skonqHL",⟨lm‑h‑ls⟩,⟨lm‑h‑ls⟩,⟨hl‑ms‑ls⟩
[68],skwaLM,lay elevated,"1sg
 2sg
 3sg","skwanLS
 skwaH
 skwaLM","nskwanLS
 nskwaH
 nskwaLM","nxkwanLS
 nxkwaMS
 nxkwaHL","xkwanLS
 xkwaMS
 xkwaHL",⟨lm‑h‑ls⟩,⟨lm‑h‑ls⟩,⟨hl‑ms‑ls⟩
[68],snaLM,ran away,"1sg
 2sg
 3sg","snanLS
 snaH
 snaLM","nsnanLS
 nsnaH
 nsnaLM","nxnanLS
 nxnaMS
 nxnaHL","xnanLS
 xnaMS
 xnaHL",⟨lm‑h‑ls⟩,⟨lm‑h‑ls⟩,⟨hl‑ms‑ls⟩
[68],sneLM,spread around,"1sg
 2sg
 3sg","snenLS
 sneH
 sneLM","nsnenLS
 nsneH
 nsneLM","nsnenLS
 nsneMS
 nsneHL","snenLS
 sneMS
 sneHL",⟨lm‑h‑ls⟩,⟨lm‑h‑ls⟩,⟨hl‑ms‑ls⟩
[68],swenqLM,burned,"1sg
 2sg
 3sg","swenqLS
 swenqH
 swenqLM","nswenqLS
 nswenqH
 nswenqLM","nswenqLS
 nswenqMS
 nswenqHL","swenqLS
 swenqMS
 swenqHL",⟨lm‑h‑ls⟩,⟨lm‑h‑ls⟩,⟨hl‑ms‑ls⟩
[68],ylaLM,sang,"1sg
 2sg
 3sg","ylanLS
 ylaH
 ylaLM","ndlanLS
 ndlaH
 ndlaLM","ndlanLS
 ndlaMS
 ndlaHL","klanLS
 klaMS
 klaHL",⟨lm‑h‑ls⟩,⟨lm‑h‑ls⟩,⟨hl‑ms‑ls⟩
[68],ynaLM,cried,"1sg
 2sg
 3sg","ynanLS
 ynaH
 ynaLM","nanLS
 naH
 naLM","nanLS
 naMS
 naHL","knanLS
 knaMS
 knaHL",⟨lm‑h‑ls⟩,⟨lm‑h‑ls⟩,⟨hl‑ms‑ls⟩
[69],ndywiqLM,turned it off,"1sg
 2sg
 3sg","ndywenqLS
 ndywiqH
 ndywiqLM","ndywenqLS
 ndywiqH
 ndywiqM","ndywenqLS
 ndywiqMS
 ndywiqHL","tywenqLS
 tywiqMS
 tywiqHL",⟨lm‑h‑ls⟩,⟨m‑h‑ls⟩,⟨hl‑ms‑ls⟩
[69],nkeqLM,cooked,"1sg
 2sg
 3sg","nkenqLS
 nkeqH
 nkeqLM","ntykinqLS
 ntykeqH
 ntykeqM","ntykinqLS
 ntykeqMS
 ntykeqHL","kinqLS
 keqMS
 keqHL",⟨lm‑h‑ls⟩,⟨m‑h‑ls⟩,⟨hl‑ms‑ls⟩
[70],ndaLM,gave,"1sg
 2sg
 3sg","ndanL
 ndaLH
 ndaLM","ndanMH
 ndaLH
 ndaH","ndanL
 ndaLH
 ndaMS","tanL
 taLH
 taMS",⟨lm‑lh‑l⟩,⟨h‑lh‑mh⟩,⟨ms‑lh‑l⟩
[71],sonLM,fought,"1sg
 2sg
 3sg","sonL
 sonLS
 sonLM","nsonMH
 nsonLS
 nsonH","nxonL
 nxonLS
 nxonMS","xonL
 xonLS
 xonMS",⟨lm‑ls‑l⟩,⟨h‑ls‑mh⟩,⟨ms‑ls‑l⟩
[72],lqaLM,blew into,"1sg
 2sg
 3sg","wqanLS
 wqaH
 wqaLM","ntqanLS
 ntqaH
 ntqaLM","nt/lyxqanLS
 nt/lyqaMS
 nt/lyqaHL(S)","qanLS
 qaMS
 qaHL(S)",⟨lm‑h‑ls⟩,⟨lm‑h‑ls⟩,⟨hl(S)‑ms‑ls⟩
[73],kwaML,counted,"1sg
 2sg
 3sg","kwanLS
 kwaH
 kwaHL\LM","ntkwanLS
 ntkwaH
 ntkwaLM/H","ntkwanLS
 ntkwaMS
 ntkwaHL","kwanLS
 kwaMS
 kwaHL",⟨lm/h‑h‑ls⟩,⟨lm‑h‑ls⟩,⟨hl‑ms‑ls⟩
[74],ykuqM,wore it on,"1sg
 2sg
 3sg","ykonqH
 ykuqH
 ykuqM","ntykonqH
 ntykuqH
 ntykuqM","ntykonqMS
 ntykuqMS
 ntykuqHL","konqMS
 kuqMS
 kuqHL",⟨m‑h‑h⟩,⟨m‑h‑h⟩,⟨hl‑ms‑ms⟩
[74],yoM,ground,"1sg
 2sg
 3sg","yonH
 yoH
 yoM","ndyonH
 ndyoH
 ndyoM","ndyonMS
 ndyoMS
 ndyoHL","konMS
 koMS
 koHL",⟨m‑h‑h⟩,⟨m‑h‑h⟩,⟨hl‑ms‑ms⟩
[74],yqoM,drank,"1sg
 2sg
 3sg","yqonH
 yqoH
 yqoM","ntyqonH
 ntyqoH
 ntyqoM","ntyqonMS
 ntyqoMS
 ntyqoHL","kqonMS
 kqoMS
 kqoHL",⟨m‑h‑h⟩,⟨m‑h‑h⟩,⟨hl‑ms‑ms⟩
[75],jenM,passed,"1sg
 2sg
 3sg","jenLS
 jenH
 jenM","ntjenLS
 ntjenH
 ntjenM","ntyjinLS
 ntyjinMS
 ntyjinHL","tyjinLS
 tyjinMS
 tyjinHL",⟨m‑h‑ls⟩,⟨m‑h‑ls⟩,⟨hl‑ms‑ls⟩
[75],jnyiqM,borrowed,"1sg
 2sg
 3sg","jnyinqLS
 jnyiqH
 jnyiqM","jnyinqLS
 jnyiqH
 jnyiqM","jnyinqLS
 jnyiqMS
 jnyiqHL","jnyinqLS
 jnyiqMS
 jnyiqHL",⟨m‑h‑ls⟩,⟨m‑h‑ls⟩,⟨hl‑ms‑ls⟩
[75],ngonM,shot,"1sg
 2sg
 3sg","ngonLS
 ngonH
 ngonM","ndgonLS
 ndgonH
 ndgonM","ndgonLS
 ndgonMS
 ndgonHL","konLS
 konMS
 konHL",⟨m‑h‑ls⟩,⟨m‑h‑ls⟩,⟨hl‑ms‑ls⟩
[75],nkinM,burnt,"1sg
 2sg
 3sg","nkinLS
 nkinH
 nkinM","ntykinLS
 ntykinH
 ntykinM","ntykinLS
 ntykinMS
 ntykinHL","skinLS
 skinMS
 skinHL",⟨m‑h‑ls⟩,⟨m‑h‑ls⟩,⟨hl‑ms‑ls⟩
[75],saqM,tore up,"1sg
 2sg
 3sg","sanqLS
 saqH
 saqM","nsanqLS
 nsaqH
 nsaqM","nsanqLS
 nsaqMS
 nsaqHL","sanqLS
 saqMS
 saqHL",⟨m‑h‑ls⟩,⟨m‑h‑ls⟩,⟨hl‑ms‑ls⟩
[75],sqiM,bought,"1sg
 2sg
 3sg","sqenLS
 sqiH
 sqiM","ntsqenLS
 ntsqiH
 ntsqiM","nchqinLS
 nchqiMS
 nchqiHL","xqinLS
 xqiMS
 xqiHL",⟨m‑h‑ls⟩,⟨m‑h‑ls⟩,⟨hl‑ms‑ls⟩
[75],xinM,"wrapped oneself 
 with cloth or blanket","1sg
 2sg
 3sg","xinLS
 xinH
 xinM","nxinLS
 nxinH
 nxinM","nxinLS
 nxinMS
 nxinHL","kxinLS
 kxinMS
 kxinHL",⟨m‑h‑ls⟩,⟨m‑h‑ls⟩,⟨hl‑ms‑ls⟩
[75],yjwiqM,sold,"1sg
 2sg
 3sg","yjwenqLS
 yjwiqH
 yjwiqM","ntjwenqLS
 ntjwiqH
 ntjwiqM","ntjwenqLS
 ntjwiqMS
 ntjwiqHL","kjwenqLS
 kjwiqMS
 kjwiqHL",⟨m‑h‑ls⟩,⟨m‑h‑ls⟩,⟨hl‑ms‑ls⟩
[75],ykwenM,vomited,"1sg
 2sg
 3sg","ykwenLS
 ykwenH
 ykwenM","ntykwenLS
 ntykwenH
 ntykwenM","ntykwenLS
 ntykwenMS
 ntykwenHL","kwenLS
 kwenMS
 kwenHL",⟨m‑h‑ls⟩,⟨m‑h‑ls⟩,⟨hl‑ms‑ls⟩
[75],yquM,grew or survived,"1sg
 2sg
 3sg","yqonLS
 yquH
 yquM","ntqonLS
 ntquH
 ntquM","ntyqonLS
 ntyquMS
 ntyquHL","kqonLS
 kquMS
 kquHL",⟨m‑h‑ls⟩,⟨m‑h‑ls⟩,⟨hl‑ms‑ls⟩
[76],ndyuM,fell from above,"1sg
 2sg
 3sg","ndyonLS
 ndyuH
 ndyuM","ndyonLS
 ndyuH
 ndyuM","ndyonLS
 ndyuH
 ndyuM","tyonLS
 tyuH
 tyuM",⟨m‑h‑ls⟩,⟨m‑h‑ls⟩,⟨m‑h‑ls⟩
[76],ndywanM,jumped,"1sg
 2sg
 3sg","ndywanLS
 ndywanH
 ndywanM","ndywanLS
 ndywanH
 ndywanM","ndywanLS
 ndywanH
 ndywanM","tywanLS
 tywanH
 tywanM",⟨m‑h‑ls⟩,⟨m‑h‑ls⟩,⟨m‑h‑ls⟩
[76],ntykwanM,picked up,"1sg
 2sg
 3sg","ntykwanLS
 ntykwanH
 ntykwanM","ntykwanLS
 ntykwanH
 ntykwanM","ntykwanLS
 ntykwanH
 ntykwanM","tykwanLS
 tykwanH
 tykwanM",⟨m‑h‑ls⟩,⟨m‑h‑ls⟩,⟨m‑h‑ls⟩
[76],nxiM,turned,"1sg
 2sg
 3sg","xinLS
 xinH
 xinM","nxinLS
 nxinH
 nxinM","nxinLS
 nxinH
 nxinM","kxinLS
 kxinH
 kxinM",⟨m‑h‑ls⟩,⟨m‑h‑ls⟩,⟨m‑h‑ls⟩
[76],skwanM,threw,"1sg
 2sg
 3sg","skwanLS
 skwanH
 skwanM","nskwanLS
 nskwanH
 nskwanM","nxkwanLS
 nxkwanH
 nxkwanM","xkwanLS
 xkwanH
 xkwanM",⟨m‑h‑ls⟩,⟨m‑h‑ls⟩,⟨m‑h‑ls⟩
[76],xyaqM,mixed,"1sg
 2sg
 3sg","xyanqLS
 xyaqH
 xyaqM","nxyanqLS
 nxyaqH
 nxyaqM","nxyanqLS
 nxyaqH
 nxyaqM","xyanqLS
 xyaqH
 xyaqM",⟨m‑h‑ls⟩,⟨m‑h‑ls⟩,⟨m‑h‑ls⟩
[77],yqweM,"had sex, male register","1sg
 2sg
 3sg","yqwenLS
 yqweH
 yqweM","ntyqwenM
 ntyqweH
 ntyqweM","ntyqwenLS
 ntyqweMS
 ntyqweHL","kqwenLS
 kqweMS
 kqweHL",⟨m‑h‑ls⟩,⟨m‑h‑m⟩,⟨hl‑ms‑ls⟩
[78],ntyjaM,found,"1sg
 2sg
 3sg","ntyjanLS/M
 ntyjaH
 ntyjaM","ntyjanLS
 ntyjaH
 ntyjaM","ntyjanLS
 ntyjaH
 ntyjaM","tyjanLS
 tyjaH
 tyjaM",⟨m‑h‑ls/m⟩,⟨m‑h‑ls⟩,⟨m‑h‑ls⟩
[79],xoqM kiLM,gathered,"1sg
 2sg
 3sg","xonqM kinLM
 xoqH kiH
 xoqM kiLM","nxonqM kinLM
 nxoqH kiH
 nxoqM kiLM","nxonqLS kinLM
 nxoqH kiH
 nxoqM kiLM","xonqLS kinLM
 xoqH kiH
 xoqM kiLM",⟨m‑h‑m⟩,⟨m‑h‑m⟩,⟨m‑h‑ls⟩
[80],ntykaM,healed,"1sg
 2sg
 3sg","ntykanM
 ntykaH
 ntykaM","ntykanM
 ntykaH
 ntykaM","ntykanM
 ntykaH
 ntykaM","tykanM
 tykaH
 tykaM",⟨m‑h‑m⟩,⟨m‑h‑m⟩,⟨m‑h‑m⟩
[81],ngwaM,was,"1sg
 2sg
 3sg","ngwanM
 ngwaH
 ngwaM","nganML
 ngaLH
 ngaML","ndyganML
 ndygaLH
 ndygaML","kanML
 kaLH
 kaML",⟨m‑h‑m⟩,⟨ml‑lh‑ml⟩,⟨ml‑lh‑ml⟩
[82],nchuH,"tore up, hit, popped up","1sg
 2sg
 3sg","nchonL
 nchuLH
 nchuH","nchonMH
 nchuLH
 nchuMH","nchonL
 nchuLH
 nchuML/MS","kchonL
 kchuLH
 kchuML/MS",⟨mh‑lh‑l⟩,⟨mh‑lh‑mh⟩,⟨ml/ms‑lh‑l⟩
[83],jlyoMH,died,"1sg
 2sg
 3sg","jlyonMH
 jlyoMH
 jlyoMH","njlyonMH
 njlyoMH
 njlyoMH","njlyonL
 njlyoLH
 njlyoMH","jlyonL
 jlyoMH
 jlyoMH",⟨mh‑mh‑mh⟩,⟨mh‑mh‑mh⟩,⟨mh‑lh‑l⟩
[84],ndiyanMH,came away,"1sg
 2sg
 3sg","ndiyanMS
 ndiyanMH
 ndiyanMH","jyanMS
 jyanLH
 jyanL","ndiyanMS
 ndiyanLH
 ndiyanML","tyanMS
 tyanLH
 tyanML",⟨mh‑mh‑ms⟩,⟨l‑lh‑ms⟩,⟨ml‑lh‑ms⟩
[85],loML,took out,"1sg
 2sg
 3sg","lonLS
 loLH
 loML","nlonLS
 nloMH
 nloH","nlonLS
 nloLH
 nloML","klonLS
 kloLH
 kloML",⟨ml‑lh‑ls⟩,⟨h‑mh‑ls⟩,⟨ml‑lh‑ls⟩
[86],xkaML,yanked off,"1sg
 2sg
 3sg
 1incl","xkanML
 xkaLH
 xkaML","nxkanH
 nxkaLH
 nxkaH
 nxkanHS","nxkanML
 nxkaLH
 nxkaML","xkanML
 xkaLH
 xkaML",⟨ml‑lh‑ml⟩,⟨h‑lh‑h⟩,⟨ml‑lh‑ml⟩
[87],naqH yqwiML,got lost,"1sg
 2sg
 3sg
 1incl","nanqH yqwenML
 nanqH yqwiLH
 naqH yqwiML
 nanqH yqwenMLenMH","nnanqH yqwenML
 nnanqH yqwiLH
 nnaqH yqwiML
 nnanqH yqwenMLenMH","nnanqMS yqwenML
 nnanqMS yqwiLH
 nnaqMS yqwiML
 nnanqMS yqwenMLenMH","knanqMS yqwenML
 knanqMS yqwiLH
 knaqMS yqwiML
 knanqMS yqwenMLenMH",⟨ml‑lh‑ml⟩,⟨ml‑lh‑ml⟩,⟨ml‑lh‑ml⟩
[88],qaML,broke,"1sg
 2sg
 3sg
 1incl","qanML
 qaMH
 qaML","ntqanH
 ntqaMH
 ntqaH
 ntqanHS","ntqanML
 ntqaLH
 ntqaML","qanML
 qaLH
 qaML",⟨ml‑mh‑ml⟩,⟨h‑mh‑h⟩,⟨ml‑lh‑ml⟩
[89],sqweML,scraped,"1sg
 2sg
 3sg","swenqML
 sweqMH
 sweqML","nswenqML
 nsweqMH
 nsweqH","nswenqML
 nsweqLH
 nsweqML","swenqML
 sweqLH
 sweqML",⟨ml‑mh‑ml⟩,⟨h‑mh‑ml⟩,⟨ml‑lh‑ml⟩
[90],ntaqML/L,chewed,"1sg
 2sg
 3sg","ytanqH
 ytaqLH
 ytaqML/L","ntanqH
 ntaqLH
 ntaqMH","ntyanqMS
 ntyaqMS
 ntyaqH","ktanqMS
 ktaqMS
 ktaqHL",⟨ml/l‑lh‑h⟩,⟨lm‑lh‑h⟩,⟨hl‑ms‑ms⟩
[91],swiMS,cleaned,"1sg
 2sg
 3sg","swenL
 swiLH
 swiMS","nswenMH
 nswiLH
 nswiH","nswenL
 nswiLH
 nswiMS","swenL
 swiLH
 swiMS",⟨ms‑lh‑l⟩,⟨h‑lh‑mh⟩,⟨ms‑lh‑l⟩
[92],xkuMS,fed,"1sg
 2sg
 3sg","xkonMS
 xkuLH
 xkuMS","nxkonH/MS
 nxkuLH
 nxkuH","nxkonMS
 nxkuLH
 nxkuMS","xkonMS
 xkuLH
 xkuMS",⟨ms‑lh‑ms⟩,⟨h‑lh‑h/ms⟩,⟨ms‑lh‑ms⟩
[93],xtyaMS,placed,"1sg
 2sg
 3sg","xtyanMS
 xtyaLH
 xtyaMS","nxtyanMS
 nxtyaLH
 nxtyaMS","nxtyanMS
 nxtyaLH
 nxtyaMS","xtyanMS
 xtyaLH
 xtyaMS",⟨ms‑lh‑ms⟩,⟨ms‑lh‑ms⟩,⟨ms‑lh‑ms⟩